TempEmMap1
GOS-upconversion-EX,980nm
Labels,Em -175.0°C ,Em -150.0°C ,Em -125.0°C ,Em -100.0°C ,Em -75.0°C ,Em -50.0°C ,Em -25.0°C ,Em 0.0°C ,Em 25.0°C ,Em 50.0°C ,Em 75.0°C ,Em 100.0°C ,Em 125.0°C ,Em 150.0°C ,Em 175.0°C ,Em 200.0°C ,Em 225.0°C ,Em 250.0°C ,Em 275.0°C ,Em 300.0°C ,Em 325.0°C ,Em 350.0°C ,Em 375.0°C ,Em 400.0°C ,Em 425.0°C ,Em 450.0°C ,Em 475.0°C ,Em 500.0°C ,Em 525.0°C ,Em 550.0°C ,Em 575.0°C ,Em 600.0°C ,
Type,Emission Scan,Emission Scan,Emission Scan,Emission Scan,Emission Scan,Emission Scan,Emission Scan,Emission Scan,Emission Scan,Emission Scan,Emission Scan,Emission Scan,Emission Scan,Emission Scan,Emission Scan,Emission Scan,Emission Scan,Emission Scan,Emission Scan,Emission Scan,Emission Scan,Emission Scan,Emission Scan,Emission Scan,Emission Scan,Emission Scan,Emission Scan,Emission Scan,Emission Scan,Emission Scan,Emission Scan,Emission Scan,
Comment,,,,,,,,,,,,,,,,,,,,,,,,,,,,,,,,,
Start,250.00,250.00,250.00,250.00,250.00,250.00,250.00,250.00,250.00,250.00,250.00,250.00,250.00,250.00,250.00,250.00,250.00,250.00,250.00,250.00,250.00,250.00,250.00,250.00,250.00,250.00,250.00,250.00,250.00,250.00,250.00,250.00,
Stop,750.00,750.00,750.00,750.00,750.00,750.00,750.00,750.00,750.00,750.00,750.00,750.00,750.00,750.00,750.00,750.00,750.00,750.00,750.00,750.00,750.00,750.00,750.00,750.00,750.00,750.00,750.00,750.00,750.00,750.00,750.00,750.00,
Step,1.00,1.00,1.00,1.00,1.00,1.00,1.00,1.00,1.00,1.00,1.00,1.00,1.00,1.00,1.00,1.00,1.00,1.00,1.00,1.00,1.00,1.00,1.00,1.00,1.00,1.00,1.00,1.00,1.00,1.00,1.00,1.00,
Fixed/Offset,980.00,980.00,980.00,980.00,980.00,980.00,980.00,980.00,980.00,980.00,980.00,980.00,980.00,980.00,980.00,980.00,980.00,980.00,980.00,980.00,980.00,980.00,980.00,980.00,980.00,980.00,980.00,980.00,980.00,980.00,980.00,980.00,
Xaxis,Wavelength,Wavelength,Wavelength,Wavelength,Wavelength,Wavelength,Wavelength,Wavelength,Wavelength,Wavelength,Wavelength,Wavelength,Wavelength,Wavelength,Wavelength,Wavelength,Wavelength,Wavelength,Wavelength,Wavelength,Wavelength,Wavelength,Wavelength,Wavelength,Wavelength,Wavelength,Wavelength,Wavelength,Wavelength,Wavelength,Wavelength,Wavelength,
Yaxis,Counts,Counts,Counts,Counts,Counts,Counts,Counts,Counts,Counts,Counts,Counts,Counts,Counts,Counts,Counts,Counts,Counts,Counts,Counts,Counts,Counts,Counts,Counts,Counts,Counts,Counts,Counts,Counts,Counts,Counts,Counts,Counts,
Scan Corr. by File,True,True,True,True,True,True,True,True,True,True,True,True,True,True,True,True,True,True,True,True,True,True,True,True,True,True,True,True,True,True,True,True,
Corr. by Ref. Det.,False,False,False,False,False,False,False,False,False,False,False,False,False,False,False,False,False,False,False,False,False,False,False,False,False,False,False,False,False,False,False,False,
Fixed/Offset Corr. by File,False,False,False,False,False,False,False,False,False,False,False,False,False,False,False,False,False,False,False,False,False,False,False,False,False,False,False,False,False,False,False,False,
Repeats,1,1,1,1,1,1,1,1,1,1,1,1,1,1,1,1,1,1,1,1,1,1,1,1,1,1,1,1,1,1,1,1,
Dwell Time,0.20,0.20,0.20,0.20,0.20,0.20,0.20,0.20,0.20,0.20,0.20,0.20,0.20,0.20,0.20,0.20,0.20,0.20,0.20,0.20,0.20,0.20,0.20,0.20,0.20,0.20,0.20,0.20,0.20,0.20,0.20,0.20,
Lamp,CNI ,CNI ,CNI ,CNI ,CNI ,CNI ,CNI ,CNI ,CNI ,CNI ,CNI ,CNI ,CNI ,CNI ,CNI ,CNI ,CNI ,CNI ,CNI ,CNI ,CNI ,CNI ,CNI ,CNI ,CNI ,CNI ,CNI ,CNI ,CNI ,CNI ,CNI ,CNI ,
Temp,-175.00,-150.0,-125.00,-100.0,-75.0,-50.0,-25.0,0.00,25.0,50.0,75.0,100.0,125.00,150.0,175.00,200.0,225.00,250.0,275.00,300.0,325.00,350.0,375.00,400.0,425.00,450.0,475.00,500.0,525.00,550.0,575.00,600.0,
Scan Polariser,None,None,None,None,None,None,None,None,None,None,None,None,None,None,None,None,None,None,None,None,None,None,None,None,None,None,None,None,None,None,None,None,
Scan Slit,0.10002325,0.10002325,0.10002325,0.10002325,0.10002325,0.10002325,0.10002325,0.10002325,0.10002325,0.10002325,0.10002325,0.10002325,0.10002325,0.10002325,0.10002325,0.10002325,0.10002325,0.10002325,0.10002325,0.10002325,0.10002325,0.10002325,0.10002325,0.10002325,0.10002325,0.10002325,0.10002325,0.10002325,0.10002325,0.10002325,0.10002325,0.10002325,
Fixed/Offset Polariser,None,None,None,None,None,None,None,None,None,None,None,None,None,None,None,None,None,None,None,None,None,None,None,None,None,None,None,None,None,None,None,None,
Fixed/Offset Slit,0.010012092,0.010012092,0.010012092,0.010012092,0.010012092,0.010012092,0.010012092,0.010012092,0.010012092,0.010012092,0.010012092,0.010012092,0.010012092,0.010012092,0.010012092,0.010012092,0.010012092,0.010012092,0.010012092,0.010012092,0.010012092,0.010012092,0.010012092,0.010012092,0.010012092,0.010012092,0.010012092,0.010012092,0.010012092,0.010012092,0.010012092,0.010012092,
Detector,PMT-980,PMT-980,PMT-980,PMT-980,PMT-980,PMT-980,PMT-980,PMT-980,PMT-980,PMT-980,PMT-980,PMT-980,PMT-980,PMT-980,PMT-980,PMT-980,PMT-980,PMT-980,PMT-980,PMT-980,PMT-980,PMT-980,PMT-980,PMT-980,PMT-980,PMT-980,PMT-980,PMT-980,PMT-980,PMT-980,PMT-980,PMT-980,

250.00,0.00000000E+0,3.98340259E+3,3.98340259E+3,1.99170129E+3,6.97095410E+3,3.98340259E+3,3.98340259E+3,4.97925293E+3,8.96265527E+3,1.99170129E+3,9.95850586E+3,4.97925293E+3,8.96265527E+3,9.95850647E+2,4.97925293E+3,3.98340259E+3,6.97095410E+3,3.98340259E+3,3.98340259E+3,6.97095410E+3,3.98340259E+3,1.99170129E+3,8.96265527E+3,3.98340259E+3,9.95850647E+2,1.99170129E+3,2.98755176E+3,3.98340259E+3,1.99170129E+3,0.00000000E+0,1.99170129E+3,4.97925293E+3,
251.00,2.99297217E+3,3.99062939E+3,3.99062939E+3,5.98594434E+3,8.97891602E+3,9.97657349E+2,2.99297217E+3,2.99297217E+3,2.99297217E+3,4.98828662E+3,0.00000000E+0,5.98594434E+3,2.99297217E+3,3.99062939E+3,4.98828662E+3,4.98828662E+3,4.98828662E+3,1.99531470E+3,3.99062939E+3,1.99531470E+3,5.98594434E+3,4.98828662E+3,2.99297217E+3,0.00000000E+0,0.00000000E+0,1.99531470E+3,1.99531470E+3,9.97657349E+2,2.99297217E+3,5.98594434E+3,2.99297217E+3,0.00000000E+0,
252.00,2.00283398E+3,3.00425098E+3,0.00000000E+0,1.00141699E+4,3.00425098E+3,3.00425098E+3,3.00425098E+3,5.00708496E+3,3.00425098E+3,5.00708496E+3,4.00566797E+3,6.00850195E+3,2.00283398E+3,2.00283398E+3,1.00141699E+3,3.00425098E+3,6.00850195E+3,1.00141699E+3,0.00000000E+0,2.00283398E+3,3.00425098E+3,2.00283398E+3,3.00425098E+3,4.00566797E+3,1.00141699E+3,4.00566797E+3,5.00708496E+3,1.00141699E+3,3.00425098E+3,1.00141699E+3,1.00141699E+3,3.00425098E+3,
253.00,1.00778503E+3,3.02335522E+3,3.02335522E+3,5.03892529E+3,4.03114014E+3,6.04671045E+3,3.02335522E+3,7.05449561E+3,3.02335522E+3,1.00778503E+3,1.00778503E+3,4.03114014E+3,3.02335522E+3,3.02335522E+3,4.03114014E+3,8.06228027E+3,8.06228027E+3,5.03892529E+3,1.00778503E+3,1.00778503E+3,1.00778503E+3,5.03892529E+3,5.03892529E+3,4.03114014E+3,1.00778503E+3,4.03114014E+3,3.02335522E+3,3.02335522E+3,0.00000000E+0,1.00778503E+3,6.04671045E+3,2.01557007E+3,
254.00,1.01669666E+3,3.05008984E+3,0.00000000E+0,3.05008984E+3,1.01669666E+3,4.06678662E+3,2.03339331E+3,4.06678662E+3,5.08348291E+3,4.06678662E+3,2.03339331E+3,5.08348291E+3,2.03339331E+3,2.03339331E+3,6.10017969E+3,4.06678662E+3,4.06678662E+3,3.05008984E+3,1.01669666E+3,1.01669666E+3,3.05008984E+3,4.06678662E+3,3.05008984E+3,2.03339331E+3,1.01669666E+3,4.06678662E+3,3.05008984E+3,3.05008984E+3,6.10017969E+3,1.01669666E+3,2.03339331E+3,3.05008984E+3,
255.00,2.05271802E+3,2.05271802E+3,3.07907715E+3,2.05271802E+3,3.07907715E+3,5.13179541E+3,7.18451318E+3,5.13179541E+3,0.00000000E+0,4.10543604E+3,1.02635901E+3,5.13179541E+3,2.05271802E+3,6.15815430E+3,3.07907715E+3,2.05271802E+3,2.05271802E+3,2.05271802E+3,2.05271802E+3,1.02635901E+3,1.02635901E+3,1.02635901E+3,2.05271802E+3,2.05271802E+3,2.05271802E+3,3.07907715E+3,2.05271802E+3,0.00000000E+0,6.15815430E+3,5.13179541E+3,2.05271802E+3,3.07907715E+3,
256.00,5.15962061E+3,3.09577246E+3,4.12769629E+3,4.12769629E+3,4.12769629E+3,5.15962061E+3,4.12769629E+3,1.03192407E+3,4.12769629E+3,1.03192407E+3,1.03192407E+3,7.22346875E+3,4.12769629E+3,8.25539258E+3,4.12769629E+3,0.00000000E+0,3.09577246E+3,2.06384814E+3,2.06384814E+3,2.06384814E+3,4.12769629E+3,2.06384814E+3,5.15962061E+3,1.03192407E+3,3.09577246E+3,2.06384814E+3,4.12769629E+3,1.03192407E+3,0.00000000E+0,0.00000000E+0,2.06384814E+3,2.06384814E+3,
257.00,2.04803662E+3,7.16812842E+3,7.16812842E+3,4.09607324E+3,5.12009180E+3,5.12009180E+3,5.12009180E+3,2.04803662E+3,2.04803662E+3,1.02401831E+3,8.19214648E+3,9.21616504E+3,3.07205493E+3,6.14410986E+3,6.14410986E+3,5.12009180E+3,4.09607324E+3,2.04803662E+3,7.16812842E+3,4.09607324E+3,8.19214648E+3,2.04803662E+3,1.22882197E+4,4.09607324E+3,0.00000000E+0,1.02401831E+3,1.02401831E+3,4.09607324E+3,2.04803662E+3,3.07205493E+3,2.04803662E+3,4.09607324E+3,
258.00,2.96685840E+3,2.96685840E+3,9.88952820E+2,0.00000000E+0,1.97790564E+3,4.94476416E+3,3.95581128E+3,9.88952820E+2,0.00000000E+0,1.97790564E+3,9.88952820E+2,2.96685840E+3,2.96685840E+3,9.88952820E+2,2.96685840E+3,9.88952820E+2,2.96685840E+3,9.88952820E+2,0.00000000E+0,2.96685840E+3,1.97790564E+3,1.97790564E+3,9.88952820E+2,9.88952820E+2,3.95581128E+3,0.00000000E+0,9.88952820E+2,1.97790564E+3,4.94476416E+3,1.97790564E+3,0.00000000E+0,1.97790564E+3,
259.00,2.74283325E+3,2.74283325E+3,8.22850000E+3,4.57138867E+3,2.74283325E+3,1.82855542E+3,2.74283325E+3,2.74283325E+3,9.14277710E+2,5.48566650E+3,2.74283325E+3,4.57138867E+3,9.14277710E+2,2.74283325E+3,5.48566650E+3,3.65711084E+3,2.74283325E+3,1.82855542E+3,9.14277710E+2,1.82855542E+3,9.14277710E+2,2.74283325E+3,9.14277710E+2,2.74283325E+3,1.82855542E+3,1.82855542E+3,1.82855542E+3,1.82855542E+3,1.82855542E+3,3.65711084E+3,1.82855542E+3,2.74283325E+3,
260.00,2.39815039E+3,3.19753369E+3,7.99383423E+2,2.39815039E+3,3.99691724E+3,3.19753369E+3,7.99383423E+2,3.19753369E+3,1.59876685E+3,3.99691724E+3,1.59876685E+3,3.19753369E+3,2.39815039E+3,2.39815039E+3,2.39815039E+3,3.19753369E+3,0.00000000E+0,3.99691724E+3,1.59876685E+3,1.59876685E+3,5.59568408E+3,1.59876685E+3,0.00000000E+0,0.00000000E+0,3.19753369E+3,7.99383423E+2,7.99383423E+2,1.59876685E+3,1.59876685E+3,1.59876685E+3,3.99691724E+3,2.39815039E+3,
261.00,1.98251550E+3,3.30419263E+3,1.32167700E+3,1.32167700E+3,1.98251550E+3,3.30419263E+3,1.98251550E+3,3.96503101E+3,3.96503101E+3,1.98251550E+3,3.30419263E+3,6.60838501E+2,4.62586963E+3,3.30419263E+3,1.98251550E+3,1.32167700E+3,0.00000000E+0,1.32167700E+3,1.32167700E+3,2.64335400E+3,1.32167700E+3,1.32167700E+3,6.60838501E+2,1.32167700E+3,1.32167700E+3,6.60838501E+2,1.98251550E+3,0.00000000E+0,2.64335400E+3,1.98251550E+3,1.98251550E+3,3.30419263E+3,
262.00,5.22898438E+2,1.04579688E+3,5.22898438E+2,3.13739038E+3,5.22898438E+2,2.09159375E+3,2.09159375E+3,5.22898438E+2,5.22898438E+2,1.04579688E+3,1.04579688E+3,1.56869519E+3,2.09159375E+3,3.66028882E+3,1.56869519E+3,1.04579688E+3,1.56869519E+3,1.56869519E+3,1.04579688E+3,1.04579688E+3,2.09159375E+3,5.22898438E+2,1.04579688E+3,1.04579688E+3,0.00000000E+0,0.00000000E+0,0.00000000E+0,5.22898438E+2,3.13739038E+3,5.22898438E+2,3.13739038E+3,1.04579688E+3,
263.00,4.03799164E+2,8.07598328E+2,1.21139746E+3,8.07598328E+2,4.03799164E+2,1.21139746E+3,4.03799164E+2,8.07598328E+2,4.03799164E+2,4.03799164E+2,2.01899573E+3,8.07598328E+2,1.61519666E+3,8.07598328E+2,1.61519666E+3,8.07598328E+2,2.01899573E+3,2.01899573E+3,0.00000000E+0,1.61519666E+3,4.03799164E+2,4.03799164E+2,4.03799164E+2,1.21139746E+3,4.03799164E+2,1.21139746E+3,8.07598328E+2,1.61519666E+3,1.61519666E+3,1.21139746E+3,8.07598328E+2,0.00000000E+0,
264.00,9.30227905E+2,3.10075958E+2,0.00000000E+0,2.17053174E+3,1.55037976E+3,9.30227905E+2,6.20151917E+2,9.30227905E+2,3.10075958E+2,3.10075958E+2,1.24030383E+3,0.00000000E+0,3.10075958E+2,1.24030383E+3,6.20151917E+2,3.10075958E+2,9.30227905E+2,3.10075958E+2,9.30227905E+2,9.30227905E+2,1.55037976E+3,2.79068359E+3,9.30227905E+2,9.30227905E+2,6.20151917E+2,6.20151917E+2,9.30227905E+2,1.24030383E+3,0.00000000E+0,9.30227905E+2,3.10075958E+2,2.17053174E+3,
265.00,2.40076050E+2,1.68053235E+3,0.00000000E+0,7.20228149E+2,0.00000000E+0,9.60304199E+2,1.20038025E+3,4.80152100E+2,1.20038025E+3,0.00000000E+0,7.20228149E+2,7.20228149E+2,2.40076050E+2,4.80152100E+2,4.80152100E+2,7.20228149E+2,7.20228149E+2,4.80152100E+2,0.00000000E+0,2.40076050E+2,2.40076050E+2,9.60304199E+2,4.80152100E+2,2.40076050E+2,2.40076050E+2,1.20038025E+3,0.00000000E+0,4.80152100E+2,9.60304199E+2,4.80152100E+2,2.40076050E+2,0.00000000E+0,
266.00,5.67309570E+2,1.89103195E+2,1.89103195E+2,1.89103195E+2,1.89103195E+2,9.45515930E+2,9.45515930E+2,7.56412781E+2,5.67309570E+2,1.32372229E+3,5.67309570E+2,3.78206390E+2,3.78206390E+2,7.56412781E+2,7.56412781E+2,1.89103195E+2,9.45515930E+2,9.45515930E+2,3.78206390E+2,1.89103195E+2,1.89103195E+2,5.67309570E+2,1.89103195E+2,0.00000000E+0,5.67309570E+2,0.00000000E+0,7.56412781E+2,3.78206390E+2,1.89103195E+2,3.78206390E+2,5.67309570E+2,1.89103195E+2,
267.00,4.56521790E+2,4.56521790E+2,1.21739148E+3,1.52173935E+2,6.08695740E+2,4.56521790E+2,7.60869629E+2,4.56521790E+2,4.56521790E+2,4.56521790E+2,6.08695740E+2,1.52173935E+2,0.00000000E+0,6.08695740E+2,6.08695740E+2,6.08695740E+2,4.56521790E+2,1.52173935E+2,3.04347870E+2,4.56521790E+2,3.04347870E+2,3.04347870E+2,6.08695740E+2,0.00000000E+0,1.52173935E+2,0.00000000E+0,1.52173935E+2,4.56521790E+2,6.08695740E+2,1.52173935E+2,3.04347870E+2,0.00000000E+0,
268.00,1.25227005E+2,3.75681030E+2,3.75681030E+2,3.75681030E+2,1.25227005E+2,3.75681030E+2,2.50454010E+2,2.50454010E+2,2.50454010E+2,2.50454010E+2,1.25227005E+2,1.25227005E+2,1.25227005E+2,5.00908020E+2,0.00000000E+0,3.75681030E+2,3.75681030E+2,6.26135010E+2,1.25227005E+2,1.25227005E+2,0.00000000E+0,5.00908020E+2,2.50454010E+2,6.26135010E+2,3.75681030E+2,0.00000000E+0,1.25227005E+2,7.51362061E+2,5.00908020E+2,2.50454010E+2,1.25227005E+2,1.25227005E+2,
269.00,3.15677979E+2,8.41807922E+2,5.26129944E+2,3.15677979E+2,0.00000000E+0,1.05225990E+2,5.26129944E+2,3.15677979E+2,5.26129944E+2,5.26129944E+2,0.00000000E+0,2.10451981E+2,0.00000000E+0,3.15677979E+2,0.00000000E+0,1.05225990E+2,1.05225990E+2,4.20903961E+2,1.05225990E+2,4.20903961E+2,3.15677979E+2,2.10451981E+2,3.15677979E+2,2.10451981E+2,1.05225990E+2,3.15677979E+2,5.26129944E+2,1.05225990E+2,3.15677979E+2,8.41807922E+2,1.05225990E+2,5.26129944E+2,
270.00,2.70103790E+2,2.70103790E+2,0.00000000E+0,1.80069199E+2,2.70103790E+2,3.60138397E+2,2.70103790E+2,9.00346008E+2,9.00345993E+1,9.00345993E+1,2.70103790E+2,1.80069199E+2,9.00345993E+1,2.70103790E+2,1.80069199E+2,2.70103790E+2,9.00345993E+1,9.00345993E+1,0.00000000E+0,0.00000000E+0,3.60138397E+2,7.20276794E+2,9.00345993E+1,9.00345993E+1,2.70103790E+2,2.70103790E+2,2.70103790E+2,1.80069199E+2,2.70103790E+2,1.80069199E+2,9.00345993E+1,1.80069199E+2,
271.00,7.82321701E+1,1.56464340E+2,7.82321701E+1,3.12928680E+2,7.82321701E+1,7.82321701E+1,3.12928680E+2,3.12928680E+2,7.82321701E+1,2.34696518E+2,7.04089539E+2,4.69393036E+2,7.82321701E+1,2.34696518E+2,0.00000000E+0,3.91160858E+2,1.56464340E+2,2.34696518E+2,0.00000000E+0,1.56464340E+2,1.56464340E+2,7.82321716E+2,3.91160858E+2,0.00000000E+0,3.12928680E+2,1.56464340E+2,3.91160858E+2,7.82321701E+1,1.56464340E+2,3.12928680E+2,7.82321701E+1,7.82321701E+1,
272.00,2.06487732E+2,3.44146210E+2,1.37658478E+2,2.06487732E+2,4.81804688E+2,2.75316956E+2,1.37658478E+2,3.44146210E+2,6.88292389E+1,2.06487732E+2,4.81804688E+2,1.37658478E+2,6.88292389E+1,6.88292389E+1,6.88292389E+1,6.88292389E+1,6.88292389E+1,2.06487732E+2,2.75316956E+2,6.88292389E+1,1.37658478E+2,0.00000000E+0,2.06487732E+2,3.44146210E+2,1.37658478E+2,1.37658478E+2,6.88292389E+1,6.88292389E+1,1.37658478E+2,2.75316956E+2,3.44146210E+2,2.06487732E+2,
273.00,2.44917892E+2,1.22458946E+2,3.67376831E+2,2.44917892E+2,1.22458946E+2,2.44917892E+2,1.22458946E+2,6.12294731E+1,1.22458946E+2,1.83688416E+2,4.89835785E+2,1.22458946E+2,0.00000000E+0,2.44917892E+2,6.12294731E+1,6.12294731E+1,3.67376831E+2,6.12294731E+1,1.22458946E+2,6.12294731E+1,6.12294731E+1,3.67376831E+2,3.06147369E+2,3.06147369E+2,3.06147369E+2,1.83688416E+2,6.12294731E+1,1.22458946E+2,1.83688416E+2,2.44917892E+2,1.22458946E+2,3.06147369E+2,
274.00,1.10058067E+2,1.65087097E+2,1.65087097E+2,5.50290337E+1,5.50290337E+1,0.00000000E+0,5.50290337E+1,2.20116135E+2,1.10058067E+2,1.65087097E+2,1.10058067E+2,1.65087097E+2,1.65087097E+2,1.10058067E+2,5.50290337E+1,3.85203247E+2,2.20116135E+2,0.00000000E+0,2.75145172E+2,5.50290337E+1,1.65087097E+2,5.50290337E+1,2.75145172E+2,0.00000000E+0,1.10058067E+2,0.00000000E+0,1.10058067E+2,1.65087097E+2,1.10058067E+2,0.00000000E+0,1.65087097E+2,0.00000000E+0,
275.00,1.49641098E+2,9.97607346E+1,4.98803673E+1,9.97607346E+1,4.98803673E+1,4.98803673E+1,1.49641098E+2,4.98803673E+1,9.97607346E+1,4.98803673E+1,9.97607346E+1,3.99042938E+2,3.49162567E+2,9.97607346E+1,9.97607346E+1,2.49401825E+2,1.49641098E+2,1.99521469E+2,9.97607346E+1,1.99521469E+2,4.98803673E+1,9.97607346E+1,9.97607346E+1,0.00000000E+0,4.98803673E+1,9.97607346E+1,1.49641098E+2,2.49401825E+2,9.97607346E+1,4.98803673E+1,4.98803673E+1,4.98803673E+1,
276.00,4.55273857E+1,9.10547714E+1,2.73164307E+2,1.36582153E+2,4.55273857E+1,4.55273857E+1,1.36582153E+2,1.82109543E+2,2.27636932E+2,0.00000000E+0,1.36582153E+2,4.55273857E+1,9.10547714E+1,2.73164307E+2,9.10547714E+1,4.55273857E+1,1.82109543E+2,9.10547714E+1,0.00000000E+0,2.73164307E+2,9.10547714E+1,9.10547714E+1,1.82109543E+2,0.00000000E+0,4.55273857E+1,9.10547714E+1,4.55273857E+1,1.36582153E+2,4.55273857E+1,2.27636932E+2,9.10547714E+1,0.00000000E+0,
277.00,4.17773552E+1,0.00000000E+0,1.67109421E+2,8.35547104E+1,4.17773552E+1,1.25332069E+2,1.67109421E+2,8.35547104E+1,1.25332069E+2,2.50664139E+2,1.25332069E+2,0.00000000E+0,4.17773552E+1,8.35547104E+1,4.17773552E+1,8.35547104E+1,8.35547104E+1,8.35547104E+1,2.50664139E+2,0.00000000E+0,2.08886780E+2,1.25332069E+2,1.25332069E+2,0.00000000E+0,4.17773552E+1,4.17773552E+1,1.67109421E+2,4.17773552E+1,8.35547104E+1,4.17773552E+1,1.25332069E+2,8.35547104E+1,
278.00,7.70109940E+1,7.70109940E+1,1.54021988E+2,3.08043976E+2,7.70109940E+1,3.85054970E+1,3.85054970E+1,1.15516495E+2,3.85054970E+1,7.70109940E+1,7.70109940E+1,7.70109940E+1,3.85054970E+1,7.70109940E+1,7.70109940E+1,1.54021988E+2,7.70109940E+1,7.70109940E+1,1.15516495E+2,7.70109940E+1,1.54021988E+2,1.15516495E+2,7.70109940E+1,1.54021988E+2,1.54021988E+2,1.15516495E+2,3.85054970E+1,7.70109940E+1,3.85054970E+1,1.54021988E+2,1.15516495E+2,0.00000000E+0,
279.00,3.56382256E+1,7.12764511E+1,3.56382256E+1,3.56382256E+1,3.56382256E+1,3.56382256E+1,1.78191132E+2,1.78191132E+2,7.12764511E+1,1.06914680E+2,1.42552902E+2,3.56382256E+1,0.00000000E+0,7.12764511E+1,0.00000000E+0,3.56382256E+1,7.12764511E+1,3.56382256E+1,1.42552902E+2,7.12764511E+1,1.42552902E+2,7.12764511E+1,1.06914680E+2,1.42552902E+2,1.06914680E+2,7.12764511E+1,7.12764511E+1,3.56382256E+1,3.56382256E+1,7.12764511E+1,0.00000000E+0,3.56382256E+1,
280.00,3.31108665E+1,9.93325958E+1,1.65554337E+2,1.32443466E+2,0.00000000E+0,9.93325958E+1,0.00000000E+0,6.62217331E+1,9.93325958E+1,9.93325958E+1,9.93325958E+1,2.31776062E+2,3.31108665E+1,3.31108665E+1,1.32443466E+2,3.31108665E+1,6.62217331E+1,6.62217331E+1,3.31108665E+1,9.93325958E+1,9.93325958E+1,3.31108665E+1,0.00000000E+0,6.62217331E+1,3.31108665E+1,1.65554337E+2,1.32443466E+2,0.00000000E+0,9.93325958E+1,6.62217331E+1,0.00000000E+0,3.31108665E+1,
281.00,0.00000000E+0,2.46905487E+2,1.23452744E+2,6.17263718E+1,6.17263718E+1,9.25895538E+1,0.00000000E+0,9.25895538E+1,6.17263718E+1,6.17263718E+1,1.54315933E+2,1.23452744E+2,1.54315933E+2,6.17263718E+1,3.08631859E+1,1.54315933E+2,3.08631859E+1,9.25895538E+1,6.17263718E+1,1.23452744E+2,0.00000000E+0,0.00000000E+0,3.08631859E+1,9.25895538E+1,6.17263718E+1,2.16042297E+2,6.17263718E+1,6.17263718E+1,6.17263718E+1,3.08631859E+1,9.25895538E+1,6.17263718E+1,
282.00,2.88499775E+1,8.65499344E+1,8.65499344E+1,5.76999550E+1,1.15399910E+2,1.44249893E+2,8.65499344E+1,5.76999550E+1,5.76999550E+1,5.76999550E+1,1.73099869E+2,0.00000000E+0,5.76999550E+1,2.88499775E+1,5.76999550E+1,2.88499775E+1,5.76999550E+1,1.15399910E+2,0.00000000E+0,8.65499344E+1,5.76999550E+1,0.00000000E+0,2.88499775E+1,1.15399910E+2,5.76999550E+1,8.65499344E+1,2.88499775E+1,0.00000000E+0,0.00000000E+0,2.88499775E+1,2.88499775E+1,2.88499775E+1,
283.00,2.70352955E+1,2.70352955E+1,5.40705910E+1,0.00000000E+0,0.00000000E+0,5.40705910E+1,2.70352955E+1,8.11058884E+1,5.40705910E+1,1.08141182E+2,5.40705910E+1,5.40705910E+1,0.00000000E+0,0.00000000E+0,8.11058884E+1,1.62211777E+2,1.08141182E+2,1.08141182E+2,8.11058884E+1,2.70352955E+1,2.70352955E+1,1.08141182E+2,5.40705910E+1,0.00000000E+0,0.00000000E+0,0.00000000E+0,2.70352955E+1,8.11058884E+1,8.11058884E+1,0.00000000E+0,1.62211777E+2,8.11058884E+1,
284.00,2.53915157E+1,2.53915157E+1,7.61745529E+1,5.07830315E+1,7.61745529E+1,1.01566063E+2,2.53915157E+1,5.07830315E+1,5.07830315E+1,2.53915157E+1,5.07830315E+1,7.61745529E+1,1.77740616E+2,2.53915157E+1,7.61745529E+1,1.52349106E+2,5.07830315E+1,5.07830315E+1,2.53915157E+1,1.26957581E+2,5.07830315E+1,0.00000000E+0,5.07830315E+1,0.00000000E+0,2.53915157E+1,2.53915157E+1,2.53915157E+1,1.26957581E+2,5.07830315E+1,1.01566063E+2,7.61745529E+1,7.61745529E+1,
285.00,2.39059200E+1,2.39059200E+1,4.78118401E+1,9.56236801E+1,2.39059200E+1,2.39059200E+1,9.56236801E+1,2.39059200E+1,4.78118401E+1,9.56236801E+1,7.17177582E+1,7.17177582E+1,7.17177582E+1,7.17177582E+1,4.78118401E+1,7.17177582E+1,9.56236801E+1,2.39059200E+1,4.78118401E+1,2.39059200E+1,2.39059200E+1,2.39059200E+1,4.78118401E+1,9.56236801E+1,4.78118401E+1,9.56236801E+1,4.78118401E+1,4.78118401E+1,4.78118401E+1,7.17177582E+1,2.39059200E+1,4.78118401E+1,
286.00,4.51499901E+1,6.77249832E+1,1.35449966E+2,6.77249832E+1,4.51499901E+1,0.00000000E+0,2.25749950E+1,6.77249832E+1,6.77249832E+1,4.51499901E+1,0.00000000E+0,9.02999802E+1,0.00000000E+0,6.77249832E+1,6.77249832E+1,4.51499901E+1,9.02999802E+1,4.51499901E+1,4.51499901E+1,6.77249832E+1,1.12874977E+2,4.51499901E+1,6.77249832E+1,9.02999802E+1,6.77249832E+1,6.77249832E+1,4.51499901E+1,4.51499901E+1,4.51499901E+1,4.51499901E+1,4.51499901E+1,6.77249832E+1,
287.00,4.27731323E+1,2.13865662E+1,6.41596985E+1,6.41596985E+1,6.41596985E+1,6.41596985E+1,1.06932831E+2,8.55462646E+1,8.55462646E+1,2.13865662E+1,4.27731323E+1,1.06932831E+2,6.41596985E+1,8.55462646E+1,0.00000000E+0,2.13865662E+1,4.27731323E+1,6.41596985E+1,0.00000000E+0,4.27731323E+1,0.00000000E+0,2.13865662E+1,2.13865662E+1,4.27731323E+1,1.06932831E+2,4.27731323E+1,8.55462646E+1,0.00000000E+0,1.92479095E+2,0.00000000E+0,6.41596985E+1,0.00000000E+0,
288.00,2.03310394E+1,2.03310394E+1,6.09931183E+1,1.42317276E+2,0.00000000E+0,1.21986237E+2,2.03310394E+1,6.09931183E+1,8.13241577E+1,6.09931183E+1,6.09931183E+1,1.21986237E+2,6.09931183E+1,6.09931183E+1,2.03310394E+1,4.06620789E+1,8.13241577E+1,6.09931183E+1,1.01655197E+2,2.03310394E+1,4.06620789E+1,4.06620789E+1,2.03310394E+1,6.09931183E+1,2.03310394E+1,4.06620789E+1,2.03310394E+1,8.13241577E+1,2.03310394E+1,6.09931183E+1,4.06620789E+1,1.01655197E+2,
289.00,7.75846710E+1,1.93961678E+1,1.93961678E+1,3.87923355E+1,1.93961678E+1,3.87923355E+1,5.81885033E+1,7.75846710E+1,0.00000000E+0,1.93961678E+1,5.81885033E+1,3.87923355E+1,7.75846710E+1,7.75846710E+1,5.81885033E+1,1.93961678E+1,1.93961678E+1,1.93961678E+1,7.75846710E+1,1.93961678E+1,9.69808426E+1,1.93961678E+1,5.81885033E+1,5.81885033E+1,9.69808426E+1,7.75846710E+1,3.87923355E+1,5.81885033E+1,3.87923355E+1,0.00000000E+0,5.81885033E+1,3.87923355E+1,
290.00,1.85637054E+1,3.71274109E+1,5.56911163E+1,9.28185272E+1,5.56911163E+1,1.29945938E+2,0.00000000E+0,3.71274109E+1,3.71274109E+1,3.71274109E+1,5.56911163E+1,0.00000000E+0,9.28185272E+1,5.56911163E+1,1.85637054E+1,0.00000000E+0,9.28185272E+1,3.71274109E+1,9.28185272E+1,1.85637054E+1,7.42548218E+1,3.71274109E+1,9.28185272E+1,1.85637054E+1,5.56911163E+1,3.71274109E+1,3.71274109E+1,1.85637054E+1,0.00000000E+0,7.42548218E+1,1.85637054E+1,1.85637054E+1,
291.00,0.00000000E+0,1.78157558E+1,8.90787735E+1,0.00000000E+0,1.78157558E+1,0.00000000E+0,8.90787735E+1,0.00000000E+0,1.78157558E+1,8.90787735E+1,1.78157558E+1,5.34472656E+1,3.56315117E+1,5.34472656E+1,1.78157558E+1,5.34472656E+1,3.56315117E+1,0.00000000E+0,3.56315117E+1,3.56315117E+1,5.34472656E+1,3.56315117E+1,8.90787735E+1,0.00000000E+0,1.78157558E+1,3.56315117E+1,1.78157558E+1,5.34472656E+1,7.12630234E+1,3.56315117E+1,1.78157558E+1,1.78157558E+1,
292.00,6.85049057E+1,1.71262264E+1,0.00000000E+0,5.13786774E+1,1.71262264E+1,1.71262264E+1,1.71262264E+1,5.13786774E+1,1.02757355E+2,0.00000000E+0,3.42524529E+1,5.13786774E+1,1.71262264E+1,5.13786774E+1,3.42524529E+1,0.00000000E+0,3.42524529E+1,0.00000000E+0,8.56311264E+1,1.02757355E+2,6.85049057E+1,0.00000000E+0,1.71262264E+1,3.42524529E+1,5.13786774E+1,0.00000000E+0,5.13786774E+1,1.71262264E+1,1.19883583E+2,1.37009811E+2,1.71262264E+1,3.42524529E+1,
293.00,3.29499435E+1,1.31799774E+2,4.94249153E+1,3.29499435E+1,0.00000000E+0,8.23748550E+1,3.29499435E+1,4.94249153E+1,1.64749718E+1,0.00000000E+0,4.94249153E+1,1.31799774E+2,1.15324799E+2,3.29499435E+1,1.64749718E+1,6.58998871E+1,1.64749718E+1,6.58998871E+1,3.29499435E+1,1.64749718E+1,3.29499435E+1,4.94249153E+1,3.29499435E+1,6.58998871E+1,3.29499435E+1,4.94249153E+1,1.64749718E+1,3.29499435E+1,0.00000000E+0,1.64749718E+1,0.00000000E+0,3.29499435E+1,
294.00,1.58520899E+1,3.17041798E+1,4.75562706E+1,0.00000000E+0,6.34083595E+1,4.75562706E+1,0.00000000E+0,3.17041798E+1,1.58520899E+1,4.75562706E+1,0.00000000E+0,4.75562706E+1,6.34083595E+1,6.34083595E+1,1.58520899E+1,3.17041798E+1,6.34083595E+1,6.34083595E+1,6.34083595E+1,1.58520899E+1,6.34083595E+1,0.00000000E+0,3.17041798E+1,0.00000000E+0,3.17041798E+1,0.00000000E+0,0.00000000E+0,3.17041798E+1,3.17041798E+1,0.00000000E+0,0.00000000E+0,0.00000000E+0,
295.00,3.04979057E+1,4.57468567E+1,0.00000000E+0,1.52489529E+1,1.52489529E+1,7.62447662E+1,3.04979057E+1,3.04979057E+1,1.67738480E+2,3.04979057E+1,4.57468567E+1,0.00000000E+0,4.57468567E+1,6.09958115E+1,4.57468567E+1,3.04979057E+1,0.00000000E+0,3.04979057E+1,0.00000000E+0,3.04979057E+1,3.04979057E+1,6.09958115E+1,3.04979057E+1,4.57468567E+1,4.57468567E+1,6.09958115E+1,1.52489529E+1,3.04979057E+1,0.00000000E+0,6.09958115E+1,6.09958115E+1,6.09958115E+1,
296.00,2.93226070E+1,0.00000000E+0,2.93226070E+1,4.39839134E+1,5.86452141E+1,5.86452141E+1,2.93226070E+1,2.93226070E+1,1.46613035E+1,4.39839134E+1,5.86452141E+1,2.93226070E+1,4.39839134E+1,5.86452141E+1,1.46613035E+1,0.00000000E+0,5.86452141E+1,2.93226070E+1,2.93226070E+1,4.39839134E+1,2.93226070E+1,8.79678268E+1,1.46613035E+1,1.02629128E+2,0.00000000E+0,2.93226070E+1,1.46613035E+1,5.86452141E+1,0.00000000E+0,1.46613035E+1,4.39839134E+1,1.46613035E+1,
297.00,1.40905857E+1,7.04529266E+1,1.40905857E+1,5.63623428E+1,7.04529266E+1,1.40905857E+1,1.40905857E+1,4.22717552E+1,0.00000000E+0,7.04529266E+1,4.22717552E+1,5.63623428E+1,7.04529266E+1,5.63623428E+1,1.40905857E+1,4.22717552E+1,4.22717552E+1,5.63623428E+1,0.00000000E+0,7.04529266E+1,4.22717552E+1,2.81811714E+1,9.86340942E+1,5.63623428E+1,4.22717552E+1,1.40905857E+1,2.81811714E+1,1.40905857E+1,1.40905857E+1,4.22717552E+1,1.40905857E+1,1.40905857E+1,
298.00,1.35372553E+1,1.35372553E+1,2.70745106E+1,1.35372553E+1,4.06117668E+1,5.41490211E+1,2.70745106E+1,1.35372553E+1,9.47607880E+1,1.35372553E+1,1.35372553E+1,0.00000000E+0,6.76862717E+1,4.06117668E+1,1.35372553E+1,9.47607880E+1,1.35372553E+1,4.06117668E+1,4.06117668E+1,4.06117668E+1,2.70745106E+1,1.35372553E+1,0.00000000E+0,1.35372553E+1,2.70745106E+1,5.41490211E+1,1.35372553E+1,5.41490211E+1,5.41490211E+1,1.35372553E+1,1.35372553E+1,4.06117668E+1,
299.00,2.60123959E+1,2.60123959E+1,1.30061979E+1,0.00000000E+0,1.30061979E+1,6.50309906E+1,3.90185928E+1,1.30061979E+1,3.90185928E+1,2.60123959E+1,3.90185928E+1,2.60123959E+1,5.20247917E+1,6.50309906E+1,1.30061979E+1,5.20247917E+1,3.90185928E+1,3.90185928E+1,3.90185928E+1,2.60123959E+1,2.60123959E+1,0.00000000E+0,0.00000000E+0,5.20247917E+1,2.60123959E+1,3.90185928E+1,0.00000000E+0,0.00000000E+0,0.00000000E+0,1.30061979E+1,5.20247917E+1,2.60123959E+1,
300.00,2.49985828E+1,0.00000000E+0,0.00000000E+0,2.49985828E+1,7.49957504E+1,1.24992914E+1,2.49985828E+1,3.74978752E+1,1.24992914E+1,3.74978752E+1,0.00000000E+0,4.99971657E+1,1.24992914E+1,3.74978752E+1,2.49985828E+1,2.49985828E+1,4.99971657E+1,1.24992914E+1,1.24992914E+1,2.49985828E+1,1.24992914E+1,2.49985828E+1,1.24992914E+1,1.24992914E+1,2.49985828E+1,4.99971657E+1,3.74978752E+1,1.24992914E+1,4.99971657E+1,0.00000000E+0,7.49957504E+1,6.24964561E+1,
301.00,1.20217896E+1,2.40435791E+1,3.60653687E+1,2.40435791E+1,3.60653687E+1,2.40435791E+1,0.00000000E+0,4.80871582E+1,0.00000000E+0,7.21307373E+1,1.20217896E+1,4.80871582E+1,2.40435791E+1,2.40435791E+1,1.20217896E+1,6.01089478E+1,3.60653687E+1,4.80871582E+1,4.80871582E+1,3.60653687E+1,3.60653687E+1,1.20217896E+1,2.40435791E+1,2.40435791E+1,3.60653687E+1,1.20217896E+1,3.60653687E+1,0.00000000E+0,0.00000000E+0,1.20217896E+1,4.80871582E+1,1.20217896E+1,
302.00,1.15784616E+1,2.31569233E+1,1.15784616E+1,3.47353859E+1,3.47353859E+1,3.47353859E+1,2.31569233E+1,3.47353859E+1,0.00000000E+0,1.15784616E+1,0.00000000E+0,2.31569233E+1,3.47353859E+1,1.15784616E+1,5.78923111E+1,0.00000000E+0,4.63138466E+1,2.31569233E+1,0.00000000E+0,1.15784616E+1,3.47353859E+1,3.47353859E+1,1.15784616E+1,2.31569233E+1,4.63138466E+1,1.15784616E+1,1.15784616E+1,2.31569233E+1,1.15784616E+1,4.63138466E+1,0.00000000E+0,2.31569233E+1,
303.00,2.23427925E+1,0.00000000E+0,4.46855850E+1,6.70283813E+1,2.23427925E+1,2.23427925E+1,0.00000000E+0,2.23427925E+1,0.00000000E+0,1.11713963E+1,0.00000000E+0,3.35141907E+1,3.35141907E+1,2.23427925E+1,4.46855850E+1,2.23427925E+1,1.11713963E+1,6.70283813E+1,2.23427925E+1,2.23427925E+1,3.35141907E+1,8.93711700E+1,2.23427925E+1,0.00000000E+0,2.23427925E+1,5.58569832E+1,5.58569832E+1,1.11713963E+1,3.35141907E+1,1.11713963E+1,2.23427925E+1,3.35141907E+1,
304.00,1.08004026E+1,2.16008053E+1,1.08004026E+1,4.32016106E+1,3.24012070E+1,0.00000000E+0,1.08004026E+1,2.16008053E+1,1.08004026E+1,4.32016106E+1,4.32016106E+1,5.40020142E+1,2.16008053E+1,0.00000000E+0,4.32016106E+1,5.40020142E+1,4.32016106E+1,2.16008053E+1,4.32016106E+1,2.16008053E+1,1.08004026E+1,3.24012070E+1,0.00000000E+0,3.24012070E+1,3.24012070E+1,2.16008053E+1,0.00000000E+0,5.40020142E+1,4.32016106E+1,1.08004026E+1,3.24012070E+1,2.16008053E+1,
305.00,3.13873081E+1,2.09248714E+1,0.00000000E+0,5.23121796E+1,2.09248714E+1,2.09248714E+1,3.13873081E+1,0.00000000E+0,1.04624357E+1,0.00000000E+0,0.00000000E+0,1.04624357E+1,2.09248714E+1,1.04624357E+1,2.09248714E+1,0.00000000E+0,3.13873081E+1,7.32370529E+1,2.09248714E+1,2.09248714E+1,3.13873081E+1,2.09248714E+1,1.04624357E+1,2.09248714E+1,3.13873081E+1,1.04624357E+1,2.09248714E+1,2.09248714E+1,2.09248714E+1,2.09248714E+1,6.27746162E+1,3.13873081E+1,
306.00,3.04699879E+1,1.01566629E+1,1.01566629E+1,2.03133259E+1,1.01566629E+1,2.03133259E+1,3.04699879E+1,2.03133259E+1,1.01566629E+1,3.04699879E+1,0.00000000E+0,0.00000000E+0,0.00000000E+0,0.00000000E+0,2.03133259E+1,2.03133259E+1,0.00000000E+0,2.03133259E+1,7.10966415E+1,3.04699879E+1,0.00000000E+0,3.04699879E+1,2.03133259E+1,0.00000000E+0,1.01566629E+1,0.00000000E+0,2.03133259E+1,2.03133259E+1,4.06266518E+1,2.03133259E+1,3.04699879E+1,2.03133259E+1,
307.00,9.88163853E+0,0.00000000E+0,9.88163853E+0,1.97632771E+1,2.96449146E+1,1.97632771E+1,9.88163853E+0,9.88163853E+0,1.97632771E+1,9.88163853E+0,3.95265541E+1,1.97632771E+1,2.96449146E+1,1.97632771E+1,0.00000000E+0,3.95265541E+1,9.88163853E+0,3.95265541E+1,3.95265541E+1,1.97632771E+1,2.96449146E+1,2.96449146E+1,4.94081917E+1,1.97632771E+1,1.97632771E+1,0.00000000E+0,9.88163853E+0,9.88163853E+0,3.95265541E+1,3.95265541E+1,1.97632771E+1,2.96449146E+1,
308.00,4.81823158E+1,0.00000000E+0,1.92729263E+1,1.92729263E+1,1.92729263E+1,2.89093895E+1,9.63646317E+0,3.85458527E+1,9.63646317E+0,2.89093895E+1,0.00000000E+0,1.92729263E+1,9.63646317E+0,9.63646317E+0,2.89093895E+1,9.63646317E+0,9.63646317E+0,2.89093895E+1,1.92729263E+1,1.92729263E+1,3.85458527E+1,0.00000000E+0,0.00000000E+0,9.63646317E+0,4.81823158E+1,4.81823158E+1,1.92729263E+1,9.63646317E+0,4.81823158E+1,9.63646317E+0,4.81823158E+1,0.00000000E+0,
309.00,9.41803932E+0,0.00000000E+0,1.88360786E+1,1.88360786E+1,9.41803932E+0,2.82541199E+1,3.76721573E+1,0.00000000E+0,1.88360786E+1,9.41803932E+0,2.82541199E+1,5.65082397E+1,2.82541199E+1,9.41803932E+0,3.76721573E+1,3.76721573E+1,3.76721573E+1,1.88360786E+1,0.00000000E+0,4.70901985E+1,0.00000000E+0,3.76721573E+1,5.65082397E+1,9.41803932E+0,3.76721573E+1,2.82541199E+1,1.88360786E+1,1.88360786E+1,9.41803932E+0,1.88360786E+1,9.41803932E+0,9.41803932E+0,
310.00,1.84446087E+1,0.00000000E+0,4.61115227E+1,9.22230434E+0,9.22230434E+0,2.76669121E+1,3.68892174E+1,9.22230434E+0,1.84446087E+1,2.76669121E+1,1.84446087E+1,9.22230434E+0,9.22230434E+0,0.00000000E+0,1.84446087E+1,5.53338242E+1,2.76669121E+1,1.84446087E+1,6.45561295E+1,0.00000000E+0,3.68892174E+1,1.84446087E+1,1.84446087E+1,0.00000000E+0,0.00000000E+0,1.84446087E+1,1.84446087E+1,9.22230434E+0,3.68892174E+1,4.61115227E+1,1.84446087E+1,0.00000000E+0,
311.00,3.61887894E+1,1.80943947E+1,0.00000000E+0,0.00000000E+0,1.80943947E+1,9.04719734E+0,4.52359886E+1,0.00000000E+0,1.80943947E+1,1.80943947E+1,5.42831841E+1,1.80943947E+1,2.71415920E+1,3.61887894E+1,9.04719734E+0,0.00000000E+0,0.00000000E+0,2.71415920E+1,2.71415920E+1,0.00000000E+0,0.00000000E+0,2.71415920E+1,9.04719734E+0,9.04719734E+0,0.00000000E+0,4.52359886E+1,5.42831841E+1,1.80943947E+1,1.80943947E+1,9.04719734E+0,9.04719734E+0,9.04719734E+0,
312.00,0.00000000E+0,1.77824516E+1,1.77824516E+1,1.77824516E+1,8.89122581E+0,8.89122581E+0,2.66736794E+1,8.89122581E+0,2.66736794E+1,2.66736794E+1,8.89122581E+0,1.77824516E+1,0.00000000E+0,8.89122581E+0,4.44561310E+1,8.89122581E+0,2.66736794E+1,0.00000000E+0,1.77824516E+1,1.77824516E+1,3.55649033E+1,5.33473587E+1,2.66736794E+1,8.89122581E+0,8.89122581E+0,8.89122581E+0,0.00000000E+0,1.77824516E+1,8.89122581E+0,8.89122581E+0,8.89122581E+0,8.89122581E+0,
313.00,8.75446224E+0,3.50178490E+1,1.75089245E+1,8.75446224E+0,8.75446224E+0,8.75446224E+0,0.00000000E+0,0.00000000E+0,1.75089245E+1,8.75446224E+0,1.75089245E+1,0.00000000E+0,8.75446224E+0,0.00000000E+0,1.75089245E+1,1.75089245E+1,8.75446224E+0,8.75446224E+0,0.00000000E+0,1.75089245E+1,1.75089245E+1,1.75089245E+1,1.75089245E+1,1.75089245E+1,8.75446224E+0,8.75446224E+0,8.75446224E+0,0.00000000E+0,1.75089245E+1,1.75089245E+1,0.00000000E+0,3.50178490E+1,
314.00,8.63544464E+0,8.63544464E+0,5.18126678E+1,8.63544464E+0,0.00000000E+0,2.59063339E+1,3.45417786E+1,4.31772232E+1,1.72708893E+1,1.72708893E+1,1.72708893E+1,1.72708893E+1,0.00000000E+0,0.00000000E+0,4.31772232E+1,0.00000000E+0,8.63544464E+0,1.72708893E+1,1.72708893E+1,8.63544464E+0,5.18126678E+1,1.72708893E+1,1.72708893E+1,4.31772232E+1,0.00000000E+0,2.59063339E+1,0.00000000E+0,1.72708893E+1,8.63544464E+0,0.00000000E+0,8.63544464E+0,1.72708893E+1,
315.00,8.53128147E+0,3.41251259E+1,3.41251259E+1,2.55938435E+1,1.70625629E+1,4.26564064E+1,8.53128147E+0,1.70625629E+1,3.41251259E+1,2.55938435E+1,8.53128147E+0,1.70625629E+1,4.26564064E+1,0.00000000E+0,1.70625629E+1,1.70625629E+1,0.00000000E+0,4.26564064E+1,4.26564064E+1,1.70625629E+1,3.41251259E+1,3.41251259E+1,8.53128147E+0,8.53128147E+0,2.55938435E+1,8.53128147E+0,2.55938435E+1,1.70625629E+1,1.70625629E+1,6.82502518E+1,0.00000000E+0,2.55938435E+1,
316.00,8.43832111E+0,1.68766422E+1,3.37532845E+1,0.00000000E+0,0.00000000E+0,1.68766422E+1,8.43832111E+0,0.00000000E+0,1.68766422E+1,1.68766422E+1,2.53149624E+1,1.68766422E+1,3.37532845E+1,2.53149624E+1,0.00000000E+0,3.37532845E+1,3.37532845E+1,0.00000000E+0,0.00000000E+0,2.53149624E+1,8.43832111E+0,2.53149624E+1,1.68766422E+1,8.43832111E+0,1.68766422E+1,3.37532845E+1,2.53149624E+1,3.37532845E+1,0.00000000E+0,0.00000000E+0,8.43832111E+0,3.37532845E+1,
317.00,0.00000000E+0,3.34247437E+1,2.50685577E+1,8.35618591E+0,0.00000000E+0,8.35618591E+0,3.34247437E+1,8.35618591E+0,8.35618591E+0,8.35618591E+0,1.67123718E+1,2.50685577E+1,0.00000000E+0,1.67123718E+1,8.35618591E+0,3.34247437E+1,0.00000000E+0,1.67123718E+1,1.67123718E+1,1.67123718E+1,8.35618591E+0,1.67123718E+1,1.67123718E+1,8.35618591E+0,3.34247437E+1,3.34247437E+1,2.50685577E+1,0.00000000E+0,2.50685577E+1,1.67123718E+1,8.35618591E+0,4.17809296E+1,
318.00,0.00000000E+0,1.65715847E+1,1.65715847E+1,2.48573780E+1,4.97147560E+1,1.65715847E+1,8.28579235E+0,1.65715847E+1,1.65715847E+1,8.28579235E+0,8.28579235E+0,1.65715847E+1,8.28579235E+0,8.28579235E+0,1.65715847E+1,8.28579235E+0,2.48573780E+1,3.31431694E+1,0.00000000E+0,2.48573780E+1,2.48573780E+1,2.48573780E+1,1.65715847E+1,1.65715847E+1,1.65715847E+1,3.31431694E+1,1.65715847E+1,4.14289627E+1,3.31431694E+1,3.31431694E+1,1.65715847E+1,5.80005493E+1,
319.00,0.00000000E+0,2.46811714E+1,1.64541149E+1,4.93623428E+1,3.29082298E+1,8.22705746E+0,1.64541149E+1,8.22705746E+0,2.46811714E+1,0.00000000E+0,2.46811714E+1,8.22705746E+0,1.64541149E+1,3.29082298E+1,2.46811714E+1,3.29082298E+1,1.64541149E+1,0.00000000E+0,1.64541149E+1,1.64541149E+1,3.29082298E+1,4.11352882E+1,2.46811714E+1,0.00000000E+0,2.46811714E+1,0.00000000E+0,0.00000000E+0,2.46811714E+1,1.64541149E+1,8.22705746E+0,1.64541149E+1,8.22705746E+0,
320.00,8.18037701E+0,0.00000000E+0,2.45411320E+1,8.18037701E+0,1.63607540E+1,1.63607540E+1,4.09018860E+1,3.27215080E+1,8.18037701E+0,0.00000000E+0,1.63607540E+1,2.45411320E+1,3.27215080E+1,3.27215080E+1,2.45411320E+1,1.63607540E+1,8.18037701E+0,1.63607540E+1,2.45411320E+1,3.27215080E+1,1.63607540E+1,0.00000000E+0,8.18037701E+0,1.63607540E+1,1.63607540E+1,1.63607540E+1,3.27215080E+1,8.18037701E+0,8.18037701E+0,0.00000000E+0,6.54430161E+1,1.63607540E+1,
321.00,5.70091019E+1,2.44324722E+1,2.44324722E+1,8.14415741E+0,1.62883148E+1,2.44324722E+1,8.14415741E+0,8.14415741E+0,1.62883148E+1,8.14415741E+0,0.00000000E+0,8.14415741E+0,8.14415741E+0,2.44324722E+1,2.44324722E+1,2.44324722E+1,3.25766296E+1,8.14415741E+0,8.14415741E+0,8.14415741E+0,2.44324722E+1,0.00000000E+0,8.14415741E+0,2.44324722E+1,1.62883148E+1,1.62883148E+1,3.25766296E+1,2.44324722E+1,8.14415741E+0,8.14415741E+0,1.62883148E+1,2.44324722E+1,
322.00,1.62297649E+1,0.00000000E+0,2.43446484E+1,0.00000000E+0,8.11488247E+0,3.24595299E+1,3.24595299E+1,1.62297649E+1,0.00000000E+0,5.68041801E+1,8.11488247E+0,5.68041801E+1,3.24595299E+1,0.00000000E+0,2.43446484E+1,1.62297649E+1,0.00000000E+0,4.86892967E+1,8.11488247E+0,8.11488247E+0,8.11488247E+0,1.62297649E+1,8.11488247E+0,0.00000000E+0,8.11488247E+0,8.11488247E+0,2.43446484E+1,2.43446484E+1,2.43446484E+1,3.24595299E+1,1.62297649E+1,1.62297649E+1,
323.00,2.42596092E+1,4.04326820E+1,1.61730728E+1,0.00000000E+0,1.61730728E+1,1.61730728E+1,4.04326820E+1,4.04326820E+1,0.00000000E+0,3.23461456E+1,8.08653641E+0,2.42596092E+1,8.08653641E+0,1.61730728E+1,8.08653641E+0,1.61730728E+1,0.00000000E+0,8.08653641E+0,8.08653641E+0,4.04326820E+1,8.08653641E+0,2.42596092E+1,1.61730728E+1,4.85192184E+1,0.00000000E+0,1.61730728E+1,3.23461456E+1,8.08653641E+0,8.08653641E+0,3.23461456E+1,2.42596092E+1,2.42596092E+1,
324.00,8.05255985E+0,0.00000000E+0,1.61051197E+1,2.41576786E+1,1.61051197E+1,3.22102394E+1,2.41576786E+1,2.41576786E+1,2.41576786E+1,1.61051197E+1,4.02627983E+1,1.61051197E+1,0.00000000E+0,8.05255985E+0,1.61051197E+1,1.61051197E+1,0.00000000E+0,0.00000000E+0,8.05255985E+0,8.05255985E+0,2.41576786E+1,8.05255985E+0,1.61051197E+1,3.22102394E+1,0.00000000E+0,1.61051197E+1,3.22102394E+1,8.05255985E+0,1.61051197E+1,1.61051197E+1,1.61051197E+1,0.00000000E+0,
325.00,8.00546455E+0,8.00546455E+0,2.40163956E+1,1.60109291E+1,8.00546455E+0,2.40163956E+1,2.40163956E+1,8.00546455E+0,2.40163956E+1,8.00546455E+0,1.60109291E+1,8.00546455E+0,1.60109291E+1,4.80327911E+1,1.60109291E+1,1.60109291E+1,1.60109291E+1,3.20218582E+1,4.00273247E+1,3.20218582E+1,1.60109291E+1,3.20218582E+1,8.00546455E+0,3.20218582E+1,0.00000000E+0,8.00546455E+0,0.00000000E+0,2.40163956E+1,8.00546455E+0,3.20218582E+1,1.60109291E+1,8.00546455E+0,
326.00,7.93642616E+0,1.58728523E+1,7.93642616E+0,2.38092785E+1,2.38092785E+1,2.38092785E+1,0.00000000E+0,3.17457047E+1,1.58728523E+1,2.38092785E+1,3.96821289E+1,7.93642616E+0,4.76185570E+1,1.58728523E+1,2.38092785E+1,1.58728523E+1,1.58728523E+1,2.38092785E+1,3.96821289E+1,3.17457047E+1,1.58728523E+1,3.96821289E+1,3.17457047E+1,2.38092785E+1,1.58728523E+1,3.17457047E+1,3.17457047E+1,1.58728523E+1,1.58728523E+1,3.17457047E+1,2.38092785E+1,7.93642616E+0,
327.00,7.83675194E+0,3.13470078E+1,4.70205116E+1,7.83675194E+0,3.91837578E+1,0.00000000E+0,7.83675194E+0,7.83675194E+0,1.56735039E+1,1.56735039E+1,2.35102558E+1,3.13470078E+1,3.13470078E+1,3.13470078E+1,7.83675194E+0,2.35102558E+1,0.00000000E+0,3.13470078E+1,1.56735039E+1,1.56735039E+1,1.56735039E+1,7.83675194E+0,2.35102558E+1,3.13470078E+1,7.83675194E+0,0.00000000E+0,3.91837578E+1,1.56735039E+1,3.91837578E+1,1.56735039E+1,3.13470078E+1,1.56735039E+1,
328.00,7.69856119E+0,1.53971224E+1,1.53971224E+1,7.69856119E+0,2.30956821E+1,7.69856119E+0,2.30956821E+1,7.69856119E+0,0.00000000E+0,1.53971224E+1,1.53971224E+1,1.53971224E+1,7.69856119E+0,7.69856119E+0,2.30956821E+1,1.53971224E+1,2.30956821E+1,1.53971224E+1,1.53971224E+1,1.53971224E+1,1.53971224E+1,4.61913643E+1,7.69856119E+0,3.84928055E+1,0.00000000E+0,0.00000000E+0,7.69856119E+0,5.38899269E+1,2.30956821E+1,1.53971224E+1,2.30956821E+1,3.07942448E+1,
329.00,0.00000000E+0,0.00000000E+0,1.50293980E+1,3.00587959E+1,2.25440979E+1,2.25440979E+1,1.50293980E+1,0.00000000E+0,3.00587959E+1,7.51469898E+0,1.50293980E+1,7.51469898E+0,7.51469898E+0,1.50293980E+1,7.51469898E+0,7.51469898E+0,2.25440979E+1,0.00000000E+0,1.50293980E+1,2.25440979E+1,1.50293980E+1,2.25440979E+1,7.51469898E+0,7.51469898E+0,0.00000000E+0,2.25440979E+1,7.51469898E+0,2.25440979E+1,3.00587959E+1,3.00587959E+1,7.51469898E+0,7.51469898E+0,
330.00,3.64096146E+1,7.28192329E+0,2.18457699E+1,7.28192329E+0,7.28192329E+0,0.00000000E+0,7.28192329E+0,2.18457699E+1,1.45638466E+1,1.45638466E+1,2.18457699E+1,7.28192329E+0,7.28192329E+0,3.64096146E+1,4.36915398E+1,2.18457699E+1,0.00000000E+0,4.36915398E+1,2.91276932E+1,7.28192329E+0,7.28192329E+0,1.45638466E+1,1.45638466E+1,2.18457699E+1,7.28192329E+0,2.18457699E+1,2.91276932E+1,7.28192329E+0,1.45638466E+1,7.28192329E+0,0.00000000E+0,0.00000000E+0,
331.00,2.80006084E+1,4.90010643E+1,2.80006084E+1,1.40003042E+1,2.10004578E+1,1.40003042E+1,1.40003042E+1,2.80006084E+1,7.00015211E+0,1.40003042E+1,7.00015211E+0,1.40003042E+1,2.80006084E+1,0.00000000E+0,1.40003042E+1,2.80006084E+1,1.40003042E+1,0.00000000E+0,2.80006084E+1,7.00015211E+0,2.10004578E+1,2.80006084E+1,1.40003042E+1,7.00015211E+0,1.40003042E+1,1.40003042E+1,2.10004578E+1,0.00000000E+0,0.00000000E+0,2.80006084E+1,0.00000000E+0,7.00015211E+0,
332.00,1.33466330E+1,0.00000000E+0,6.67331648E+0,6.67331648E+0,2.66932659E+1,2.66932659E+1,0.00000000E+0,3.33665810E+1,1.33466330E+1,2.66932659E+1,6.67331648E+0,0.00000000E+0,3.33665810E+1,0.00000000E+0,2.00199490E+1,3.33665810E+1,4.00398979E+1,6.67331648E+0,2.00199490E+1,5.33865318E+1,6.67331648E+0,0.00000000E+0,2.00199490E+1,3.33665810E+1,6.67331648E+0,3.33665810E+1,6.67331648E+0,2.00199490E+1,2.00199490E+1,6.67331648E+0,0.00000000E+0,2.00199490E+1,
333.00,1.89299297E+1,1.89299297E+1,2.52399063E+1,1.89299297E+1,2.52399063E+1,1.89299297E+1,0.00000000E+0,1.26199532E+1,6.30997658E+0,3.15498810E+1,1.26199532E+1,1.26199532E+1,3.78598595E+1,3.15498810E+1,1.89299297E+1,1.26199532E+1,1.26199532E+1,1.26199532E+1,2.52399063E+1,6.30997658E+0,6.30997658E+0,1.26199532E+1,1.26199532E+1,1.89299297E+1,6.30997658E+0,1.89299297E+1,0.00000000E+0,1.26199532E+1,1.26199532E+1,6.30997658E+0,6.30997658E+0,6.30997658E+0,
334.00,0.00000000E+0,5.92203045E+0,0.00000000E+0,4.14542122E+1,1.18440609E+1,2.36881218E+1,1.77660923E+1,5.92203045E+0,1.18440609E+1,5.92203045E+0,2.36881218E+1,1.18440609E+1,5.92203045E+0,5.92203045E+0,1.18440609E+1,0.00000000E+0,5.92203045E+0,1.77660923E+1,5.92203045E+0,1.18440609E+1,0.00000000E+0,0.00000000E+0,1.18440609E+1,1.18440609E+1,5.92203045E+0,5.92203045E+0,5.92203045E+0,2.36881218E+1,1.18440609E+1,1.18440609E+1,5.92203045E+0,0.00000000E+0,
335.00,5.52400637E+0,1.10480127E+1,1.10480127E+1,1.65720177E+1,2.20960255E+1,1.10480127E+1,1.10480127E+1,3.31440353E+1,5.52400637E+0,3.31440353E+1,2.20960255E+1,1.10480127E+1,1.10480127E+1,5.52400637E+0,1.10480127E+1,5.52400637E+0,1.65720177E+1,5.52400637E+0,1.10480127E+1,5.52400637E+0,5.52400637E+0,5.52400637E+0,0.00000000E+0,1.10480127E+1,1.10480127E+1,1.65720177E+1,1.65720177E+1,1.10480127E+1,1.65720177E+1,2.20960255E+1,1.10480127E+1,2.20960255E+1,
336.00,2.05264854E+1,5.13162136E+0,1.02632427E+1,4.61845894E+1,5.13162136E+0,5.13162136E+0,0.00000000E+0,0.00000000E+0,2.05264854E+1,5.13162136E+0,2.56581059E+1,0.00000000E+0,1.53948641E+1,2.05264854E+1,2.05264854E+1,1.02632427E+1,5.13162136E+0,1.02632427E+1,5.13162136E+0,1.53948641E+1,1.53948641E+1,1.02632427E+1,1.02632427E+1,1.53948641E+1,1.53948641E+1,1.02632427E+1,2.05264854E+1,1.02632427E+1,0.00000000E+0,1.02632427E+1,1.02632427E+1,2.05264854E+1,
337.00,4.71062040E+0,4.71062040E+0,1.88424816E+1,9.42124081E+0,1.88424816E+1,1.88424816E+1,1.41318607E+1,4.71062040E+0,9.42124081E+0,2.82637215E+1,0.00000000E+0,1.41318607E+1,0.00000000E+0,0.00000000E+0,1.41318607E+1,9.42124081E+0,0.00000000E+0,4.71062040E+0,0.00000000E+0,9.42124081E+0,1.41318607E+1,1.41318607E+1,0.00000000E+0,0.00000000E+0,1.41318607E+1,9.42124081E+0,9.42124081E+0,4.71062040E+0,2.35531025E+1,2.82637215E+1,1.41318607E+1,9.42124081E+0,
338.00,1.29443140E+1,0.00000000E+0,0.00000000E+0,1.29443140E+1,1.72590847E+1,4.31477118E+0,8.62954235E+0,1.29443140E+1,8.62954235E+0,2.58886280E+1,4.31477118E+0,1.72590847E+1,4.31477118E+0,8.62954235E+0,8.62954235E+0,8.62954235E+0,0.00000000E+0,4.31477118E+0,0.00000000E+0,8.62954235E+0,1.72590847E+1,1.29443140E+1,1.72590847E+1,2.58886280E+1,1.72590847E+1,8.62954235E+0,4.31477118E+0,1.72590847E+1,8.62954235E+0,0.00000000E+0,8.62954235E+0,0.00000000E+0,
339.00,3.99398422E+0,0.00000000E+0,1.19819527E+1,1.99699211E+1,3.99398422E+0,3.99398422E+0,1.19819527E+1,1.99699211E+1,3.99398422E+0,3.99398422E+0,7.98796844E+0,7.98796844E+0,1.19819527E+1,7.98796844E+0,7.98796844E+0,1.99699211E+1,3.99398422E+0,1.59759369E+1,7.98796844E+0,0.00000000E+0,1.99699211E+1,3.99398422E+0,7.98796844E+0,1.59759369E+1,1.19819527E+1,0.00000000E+0,2.39639053E+1,1.19819527E+1,3.99398422E+0,3.99398422E+0,7.98796844E+0,1.19819527E+1,
340.00,3.73527479E+0,1.49410992E+1,0.00000000E+0,3.73527479E+0,1.86763725E+1,3.73527479E+0,7.47054958E+0,3.73527479E+0,1.49410992E+1,3.73527479E+0,3.73527479E+0,1.12058239E+1,7.47054958E+0,0.00000000E+0,1.12058239E+1,7.47054958E+0,0.00000000E+0,7.47054958E+0,0.00000000E+0,1.12058239E+1,1.49410992E+1,3.73527479E+0,0.00000000E+0,1.12058239E+1,1.12058239E+1,3.73527479E+0,3.73527479E+0,1.12058239E+1,0.00000000E+0,7.47054958E+0,7.47054958E+0,3.73527479E+0,
341.00,7.02446938E+0,1.05367041E+1,0.00000000E+0,7.02446938E+0,0.00000000E+0,3.51223469E+0,3.51223469E+0,3.51223469E+0,1.05367041E+1,0.00000000E+0,7.02446938E+0,1.75611725E+1,7.02446938E+0,7.02446938E+0,1.05367041E+1,1.05367041E+1,7.02446938E+0,3.51223469E+0,1.05367041E+1,0.00000000E+0,0.00000000E+0,1.40489388E+1,1.05367041E+1,1.40489388E+1,7.02446938E+0,7.02446938E+0,7.02446938E+0,3.51223469E+0,3.51223469E+0,0.00000000E+0,3.51223469E+0,7.02446938E+0,
342.00,1.32407427E+1,1.32407427E+1,2.31712990E+1,1.32407427E+1,1.32407427E+1,3.31018567E+0,3.31018567E+0,3.31018567E+0,9.93055725E+0,6.62037134E+0,6.62037134E+0,9.93055725E+0,9.93055725E+0,6.62037134E+0,0.00000000E+0,3.31018567E+0,1.32407427E+1,6.62037134E+0,3.31018567E+0,9.93055725E+0,3.31018567E+0,1.32407427E+1,9.93055725E+0,2.31712990E+1,3.31018567E+0,1.32407427E+1,3.31018567E+0,1.98611145E+1,1.65509281E+1,2.31712990E+1,6.62037134E+0,6.62037134E+0,
343.00,1.25242796E+1,9.39320946E+0,6.26213980E+0,3.13106990E+0,3.13106990E+0,6.26213980E+0,0.00000000E+0,1.25242796E+1,1.56553488E+1,1.25242796E+1,6.26213980E+0,1.25242796E+1,6.26213980E+0,0.00000000E+0,1.25242796E+1,6.26213980E+0,1.56553488E+1,0.00000000E+0,1.25242796E+1,1.87864189E+1,6.26213980E+0,0.00000000E+0,0.00000000E+0,3.13106990E+0,6.26213980E+0,9.39320946E+0,3.13106990E+0,3.13106990E+0,3.13106990E+0,6.26213980E+0,9.39320946E+0,3.13106990E+0,
344.00,1.18875227E+1,0.00000000E+0,2.97188067E+0,1.78312836E+1,8.91564178E+0,5.94376135E+0,5.94376135E+0,1.18875227E+1,1.78312836E+1,8.91564178E+0,5.94376135E+0,8.91564178E+0,2.97188067E+0,0.00000000E+0,2.97188067E+0,2.97188067E+0,1.18875227E+1,8.91564178E+0,1.18875227E+1,1.18875227E+1,1.18875227E+1,1.18875227E+1,2.97188067E+0,5.94376135E+0,1.18875227E+1,1.18875227E+1,8.91564178E+0,8.91564178E+0,2.97188067E+0,1.18875227E+1,1.18875227E+1,8.91564178E+0,
345.00,2.82031608E+0,0.00000000E+0,2.82031608E+0,8.46094799E+0,0.00000000E+0,0.00000000E+0,8.46094799E+0,8.46094799E+0,2.82031608E+0,8.46094799E+0,5.64063215E+0,5.64063215E+0,2.82031612E+1,0.00000000E+0,5.64063215E+0,5.64063215E+0,5.64063215E+0,2.82031608E+0,0.00000000E+0,1.12812643E+1,2.82031608E+0,5.64063215E+0,0.00000000E+0,2.82031608E+0,8.46094799E+0,5.64063215E+0,5.64063215E+0,1.12812643E+1,8.46094799E+0,1.12812643E+1,1.12812643E+1,0.00000000E+0,
346.00,2.67527628E+0,8.02582932E+0,5.35055256E+0,1.60516586E+1,2.67527628E+0,2.67527628E+0,2.67527628E+0,0.00000000E+0,8.02582932E+0,5.35055256E+0,1.87269344E+1,0.00000000E+0,8.02582932E+0,2.67527628E+0,5.35055256E+0,8.02582932E+0,1.60516586E+1,1.33763819E+1,5.35055256E+0,8.02582932E+0,5.35055256E+0,0.00000000E+0,5.35055256E+0,5.35055256E+0,5.35055256E+0,1.07011051E+1,2.67527628E+0,5.35055256E+0,2.67527628E+0,1.33763819E+1,1.07011051E+1,8.02582932E+0,
347.00,1.01307430E+1,5.06537151E+0,2.53268576E+0,5.06537151E+0,0.00000000E+0,1.26634293E+1,5.06537151E+0,5.06537151E+0,5.06537151E+0,5.06537151E+0,1.01307430E+1,7.59805727E+0,2.53268576E+0,1.01307430E+1,2.53268576E+0,5.06537151E+0,7.59805727E+0,1.51961145E+1,5.06537151E+0,0.00000000E+0,0.00000000E+0,2.53268576E+0,0.00000000E+0,0.00000000E+0,7.59805727E+0,7.59805727E+0,2.53268576E+0,0.00000000E+0,2.53268576E+0,7.59805727E+0,5.06537151E+0,2.53268576E+0,
348.00,7.20510864E+0,9.60681152E+0,2.40170288E+0,0.00000000E+0,7.20510864E+0,4.80340576E+0,2.40170288E+0,4.80340576E+0,4.80340576E+0,0.00000000E+0,9.60681152E+0,2.40170288E+0,2.40170288E+0,0.00000000E+0,7.20510864E+0,2.40170288E+0,4.80340576E+0,9.60681152E+0,0.00000000E+0,4.80340576E+0,2.40170288E+0,2.40170288E+0,1.20085144E+1,9.60681152E+0,0.00000000E+0,4.80340576E+0,2.40170288E+0,7.20510864E+0,4.80340576E+0,2.40170288E+0,4.80340576E+0,0.00000000E+0,
349.00,4.57474995E+0,4.57474995E+0,2.28737497E+0,0.00000000E+0,6.86212492E+0,1.14368744E+1,0.00000000E+0,9.14949989E+0,0.00000000E+0,4.57474995E+0,0.00000000E+0,0.00000000E+0,0.00000000E+0,6.86212492E+0,4.57474995E+0,2.28737497E+0,2.28737497E+0,9.14949989E+0,2.28737497E+0,1.14368744E+1,6.86212492E+0,4.57474995E+0,2.28737497E+0,2.28737497E+0,9.14949989E+0,1.14368744E+1,2.28737497E+0,4.57474995E+0,1.60116253E+1,6.86212492E+0,0.00000000E+0,6.86212492E+0,
350.00,6.58437061E+0,4.38958073E+0,8.77916145E+0,2.19479036E+0,6.58437061E+0,2.19479036E+0,4.38958073E+0,6.58437061E+0,2.19479036E+0,4.38958073E+0,2.19479036E+0,4.38958073E+0,6.58437061E+0,0.00000000E+0,0.00000000E+0,8.77916145E+0,6.58437061E+0,4.38958073E+0,2.19479036E+0,4.38958073E+0,2.19479036E+0,6.58437061E+0,6.58437061E+0,2.19479036E+0,0.00000000E+0,6.58437061E+0,4.38958073E+0,6.58437061E+0,2.19479036E+0,8.77916145E+0,2.19479036E+0,1.53635321E+1,
351.00,2.11535954E+0,6.34607840E+0,4.23071909E+0,2.11535954E+0,8.46143818E+0,4.23071909E+0,4.23071909E+0,6.34607840E+0,1.26921568E+1,4.23071909E+0,6.34607840E+0,6.34607840E+0,2.11535954E+0,8.46143818E+0,4.23071909E+0,4.23071909E+0,1.26921568E+1,8.46143818E+0,8.46143818E+0,4.23071909E+0,8.46143818E+0,4.23071909E+0,8.46143818E+0,0.00000000E+0,2.11535954E+0,4.23071909E+0,4.23071909E+0,1.05767975E+1,4.23071909E+0,4.23071909E+0,4.23071909E+0,4.23071909E+0,
352.00,2.04881144E+0,4.09762287E+0,4.09762287E+0,6.14643431E+0,6.14643431E+0,2.04881144E+0,4.09762287E+0,4.09762287E+0,4.09762287E+0,4.09762287E+0,6.14643431E+0,2.04881144E+0,2.04881144E+0,6.14643431E+0,4.09762287E+0,4.09762287E+0,6.14643431E+0,2.04881144E+0,2.04881144E+0,8.19524574E+0,0.00000000E+0,6.14643431E+0,6.14643431E+0,4.09762287E+0,4.09762287E+0,2.04881144E+0,2.04881144E+0,2.04881144E+0,0.00000000E+0,8.19524574E+0,4.09762287E+0,0.00000000E+0,
353.00,3.98639607E+0,9.96599007E+0,1.99319804E+0,3.98639607E+0,0.00000000E+0,0.00000000E+0,3.98639607E+0,7.97279215E+0,1.99319804E+0,7.97279215E+0,7.97279215E+0,5.97959423E+0,3.98639607E+0,7.97279215E+0,3.98639607E+0,3.98639607E+0,1.99319804E+0,5.97959423E+0,5.97959423E+0,0.00000000E+0,5.97959423E+0,2.19251785E+1,1.99319804E+0,1.19591885E+1,0.00000000E+0,0.00000000E+0,7.97279215E+0,3.98639607E+0,5.97959423E+0,0.00000000E+0,1.99319804E+0,5.97959423E+0,
354.00,3.86422873E+0,1.93211436E+0,0.00000000E+0,3.86422873E+0,3.86422873E+0,3.86422873E+0,3.86422873E+0,1.93211436E+0,9.66057205E+0,5.79634333E+0,3.86422873E+0,3.86422873E+0,1.93211436E+0,3.86422873E+0,0.00000000E+0,5.79634333E+0,0.00000000E+0,0.00000000E+0,3.86422873E+0,5.79634333E+0,5.79634333E+0,7.72845745E+0,7.72845745E+0,1.93211436E+0,3.86422873E+0,3.86422873E+0,3.86422873E+0,1.93211436E+0,7.72845745E+0,3.86422873E+0,3.86422873E+0,0.00000000E+0,
355.00,1.86724496E+0,3.73448992E+0,1.86724496E+0,7.46897984E+0,3.73448992E+0,3.73448992E+0,9.33622456E+0,9.33622456E+0,3.73448992E+0,1.86724496E+0,1.86724496E+0,5.60173464E+0,5.60173464E+0,5.60173464E+0,3.73448992E+0,5.60173464E+0,1.12034693E+1,1.86724496E+0,7.46897984E+0,0.00000000E+0,7.46897984E+0,5.60173464E+0,0.00000000E+0,3.73448992E+0,1.86724496E+0,0.00000000E+0,9.33622456E+0,1.86724496E+0,7.46897984E+0,0.00000000E+0,7.46897984E+0,1.86724496E+0,
356.00,0.00000000E+0,5.42834663E+0,3.61889791E+0,0.00000000E+0,1.80944896E+0,1.08566933E+1,3.61889791E+0,7.23779583E+0,7.23779583E+0,7.23779583E+0,9.04724503E+0,5.42834663E+0,3.61889791E+0,1.80944896E+0,7.23779583E+0,3.61889791E+0,7.23779583E+0,7.23779583E+0,1.26661425E+1,1.80944896E+0,3.61889791E+0,7.23779583E+0,3.61889791E+0,3.61889791E+0,5.42834663E+0,1.80944896E+0,3.61889791E+0,3.61889791E+0,1.80944896E+0,1.80944896E+0,3.61889791E+0,1.80944896E+0,
357.00,0.00000000E+0,1.76105762E+0,3.52211523E+0,1.76105762E+0,3.52211523E+0,5.28317308E+0,7.04423046E+0,8.80528831E+0,8.80528831E+0,1.05663462E+1,1.76105762E+0,1.76105762E+0,5.28317308E+0,1.76105762E+0,3.52211523E+0,5.28317308E+0,0.00000000E+0,1.76105762E+0,3.52211523E+0,5.28317308E+0,1.76105762E+0,1.76105762E+0,3.52211523E+0,5.28317308E+0,0.00000000E+0,7.04423046E+0,3.52211523E+0,5.28317308E+0,3.52211523E+0,1.76105762E+0,0.00000000E+0,5.28317308E+0,
358.00,3.43869352E+0,5.15804052E+0,0.00000000E+0,0.00000000E+0,1.71934676E+0,1.71934676E+0,3.43869352E+0,3.43869352E+0,3.43869352E+0,6.87738705E+0,3.43869352E+0,5.15804052E+0,3.43869352E+0,8.59673405E+0,0.00000000E+0,1.03160810E+1,3.43869352E+0,6.87738705E+0,0.00000000E+0,5.15804052E+0,3.43869352E+0,3.43869352E+0,3.43869352E+0,3.43869352E+0,5.15804052E+0,1.03160810E+1,1.71934676E+0,5.15804052E+0,3.43869352E+0,6.87738705E+0,5.15804052E+0,6.87738705E+0,
359.00,3.35428452E+0,1.67714226E+0,1.67714226E+0,3.35428452E+0,1.67714226E+0,0.00000000E+0,1.67714226E+0,1.67714226E+0,1.67714226E+0,3.35428452E+0,3.35428452E+0,6.70856905E+0,0.00000000E+0,6.70856905E+0,3.35428452E+0,3.35428452E+0,3.35428452E+0,3.35428452E+0,6.70856905E+0,5.03142691E+0,1.67714226E+0,1.00628538E+1,0.00000000E+0,3.35428452E+0,1.67714226E+0,1.67714226E+0,0.00000000E+0,1.67714226E+0,6.70856905E+0,0.00000000E+0,0.00000000E+0,0.00000000E+0,
360.00,0.00000000E+0,0.00000000E+0,9.82950974E+0,9.82950974E+0,3.27650332E+0,1.63825166E+0,4.91475487E+0,0.00000000E+0,0.00000000E+0,3.27650332E+0,3.27650332E+0,3.27650332E+0,9.82950974E+0,0.00000000E+0,0.00000000E+0,0.00000000E+0,3.27650332E+0,4.91475487E+0,1.63825166E+0,1.63825166E+0,4.91475487E+0,1.63825166E+0,6.55300665E+0,3.27650332E+0,1.63825166E+0,4.91475487E+0,4.91475487E+0,3.27650332E+0,8.19125843E+0,4.91475487E+0,3.27650332E+0,3.27650332E+0,
361.00,1.60590315E+0,3.21180630E+0,3.21180630E+0,4.81770945E+0,0.00000000E+0,6.42361259E+0,0.00000000E+0,0.00000000E+0,6.42361259E+0,4.81770945E+0,9.63541889E+0,3.21180630E+0,1.60590315E+0,3.21180630E+0,0.00000000E+0,3.21180630E+0,9.63541889E+0,4.81770945E+0,3.21180630E+0,4.81770945E+0,1.60590315E+0,1.60590315E+0,1.60590315E+0,6.42361259E+0,1.28472252E+1,3.21180630E+0,1.60590315E+0,0.00000000E+0,3.21180630E+0,8.02951622E+0,1.60590315E+0,4.81770945E+0,
362.00,6.34134388E+0,1.58533597E+0,4.75600815E+0,1.58533597E+0,0.00000000E+0,1.58533597E+0,3.17067194E+0,7.92668009E+0,1.58533597E+0,3.17067194E+0,1.58533597E+0,1.58533597E+0,7.92668009E+0,1.58533597E+0,3.17067194E+0,1.58533597E+0,0.00000000E+0,1.58533597E+0,1.58533597E+0,3.17067194E+0,6.34134388E+0,4.75600815E+0,1.58533597E+0,3.17067194E+0,0.00000000E+0,0.00000000E+0,7.92668009E+0,3.17067194E+0,4.75600815E+0,3.17067194E+0,4.75600815E+0,3.17067194E+0,
363.00,4.69049931E+0,1.56349981E+0,1.56349981E+0,1.56349981E+0,3.12699962E+0,3.12699962E+0,1.56349981E+0,4.69049931E+0,1.56349981E+0,0.00000000E+0,3.12699962E+0,3.12699962E+0,1.56349981E+0,0.00000000E+0,4.69049931E+0,3.12699962E+0,3.12699962E+0,1.56349981E+0,3.12699962E+0,0.00000000E+0,1.56349981E+0,7.81749916E+0,3.12699962E+0,3.12699962E+0,4.69049931E+0,3.12699962E+0,3.12699962E+0,0.00000000E+0,7.81749916E+0,1.56349981E+0,9.38099861E+0,3.12699962E+0,
364.00,1.53452790E+0,3.06905580E+0,7.67263937E+0,4.60358381E+0,6.13811159E+0,0.00000000E+0,4.60358381E+0,3.06905580E+0,3.06905580E+0,1.53452790E+0,1.53452790E+0,3.06905580E+0,3.06905580E+0,3.06905580E+0,1.53452790E+0,1.53452790E+0,6.13811159E+0,1.53452790E+0,6.13811159E+0,0.00000000E+0,4.60358381E+0,3.06905580E+0,1.53452790E+0,7.67263937E+0,3.06905580E+0,3.06905580E+0,3.06905580E+0,3.06905580E+0,6.13811159E+0,7.67263937E+0,7.67263937E+0,0.00000000E+0,
365.00,0.00000000E+0,4.50223827E+0,3.00149226E+0,1.50074613E+0,0.00000000E+0,4.50223827E+0,3.00149226E+0,3.00149226E+0,3.00149226E+0,0.00000000E+0,0.00000000E+0,3.00149226E+0,0.00000000E+0,1.50074613E+0,6.00298452E+0,0.00000000E+0,6.00298452E+0,4.50223827E+0,1.50074613E+0,3.00149226E+0,3.00149226E+0,1.50074613E+0,1.50074613E+0,4.50223827E+0,4.50223827E+0,3.00149226E+0,9.00447655E+0,3.00149226E+0,6.00298452E+0,4.50223827E+0,7.50373077E+0,0.00000000E+0,
366.00,2.93111897E+0,5.86223793E+0,4.39667845E+0,8.79335690E+0,4.39667845E+0,5.86223793E+0,1.46555948E+0,5.86223793E+0,2.93111897E+0,1.46555948E+0,2.93111897E+0,1.46555948E+0,2.93111897E+0,4.39667845E+0,1.46555948E+0,1.46555948E+0,4.39667845E+0,1.46555948E+0,2.93111897E+0,2.93111897E+0,4.39667845E+0,4.39667845E+0,4.39667845E+0,4.39667845E+0,1.46555948E+0,2.93111897E+0,1.46555948E+0,1.46555948E+0,1.46555948E+0,2.93111897E+0,2.93111897E+0,1.46555948E+0,
367.00,4.31003237E+0,8.62006474E+0,1.43667746E+0,7.18338728E+0,5.74670982E+0,0.00000000E+0,5.74670982E+0,2.87335491E+0,2.87335491E+0,2.87335491E+0,0.00000000E+0,0.00000000E+0,4.31003237E+0,4.31003237E+0,5.74670982E+0,0.00000000E+0,5.74670982E+0,4.31003237E+0,1.43667746E+0,7.18338728E+0,4.31003237E+0,0.00000000E+0,0.00000000E+0,8.62006474E+0,2.87335491E+0,1.43667746E+0,1.00567417E+1,4.31003237E+0,1.43667746E+0,5.74670982E+0,0.00000000E+0,8.62006474E+0,
368.00,4.23552132E+0,1.41184044E+0,1.41184044E+0,5.64736176E+0,0.00000000E+0,5.64736176E+0,1.41184044E+0,7.05920219E+0,2.82368088E+0,0.00000000E+0,7.05920219E+0,9.88288307E+0,0.00000000E+0,2.82368088E+0,1.41184044E+0,2.82368088E+0,2.82368088E+0,7.05920219E+0,7.05920219E+0,1.41184044E+0,2.82368088E+0,5.64736176E+0,2.82368088E+0,4.23552132E+0,1.41184044E+0,1.41184044E+0,4.23552132E+0,4.23552132E+0,2.82368088E+0,2.82368088E+0,8.47104263E+0,1.41184044E+0,
369.00,1.39156175E+0,4.17468548E+0,2.78312349E+0,4.17468548E+0,5.56624699E+0,6.95780897E+0,2.78312349E+0,1.39156175E+0,2.78312349E+0,0.00000000E+0,1.39156175E+0,6.95780897E+0,4.17468548E+0,0.00000000E+0,6.95780897E+0,0.00000000E+0,6.95780897E+0,2.78312349E+0,0.00000000E+0,1.39156175E+0,1.39156175E+0,5.56624699E+0,1.39156175E+0,1.39156175E+0,4.17468548E+0,0.00000000E+0,9.74093246E+0,2.78312349E+0,2.78312349E+0,0.00000000E+0,5.56624699E+0,6.95780897E+0,
370.00,5.48969507E+0,4.11727142E+0,5.48969507E+0,2.74484754E+0,5.48969507E+0,2.74484754E+0,1.37242377E+0,0.00000000E+0,0.00000000E+0,4.11727142E+0,4.11727142E+0,9.60696602E+0,0.00000000E+0,2.74484754E+0,1.37242377E+0,2.74484754E+0,6.86211872E+0,2.74484754E+0,1.37242377E+0,9.60696602E+0,2.74484754E+0,2.74484754E+0,1.37242377E+0,2.74484754E+0,8.23454285E+0,6.86211872E+0,4.11727142E+0,2.74484754E+0,8.23454285E+0,5.48969507E+0,6.86211872E+0,2.74484754E+0,
371.00,1.35391307E+0,2.70782614E+0,1.35391307E+0,2.70782614E+0,4.06173944E+0,4.06173944E+0,2.70782614E+0,2.70782614E+0,0.00000000E+0,2.70782614E+0,1.35391307E+0,0.00000000E+0,0.00000000E+0,1.35391307E+0,1.08313046E+1,0.00000000E+0,6.76956558E+0,1.21852179E+1,5.41565228E+0,2.70782614E+0,4.06173944E+0,2.70782614E+0,0.00000000E+0,4.06173944E+0,0.00000000E+0,1.35391307E+0,1.35391307E+0,2.70782614E+0,5.41565228E+0,6.76956558E+0,1.35391307E+0,0.00000000E+0,
372.00,1.33713782E+0,1.33713782E+0,1.33713782E+0,1.33713782E+0,2.67427564E+0,4.01141310E+0,0.00000000E+0,5.34855127E+0,8.02282619E+0,2.67427564E+0,1.33713782E+0,1.33713782E+0,4.01141310E+0,4.01141310E+0,2.67427564E+0,9.35996437E+0,6.68568897E+0,0.00000000E+0,5.34855127E+0,2.67427564E+0,4.01141310E+0,1.33713782E+0,2.67427564E+0,2.67427564E+0,0.00000000E+0,1.33713782E+0,2.67427564E+0,1.33713782E+0,1.33713782E+0,2.67427564E+0,2.67427564E+0,2.67427564E+0,
373.00,3.96591282E+0,1.32197094E+0,5.28788376E+0,3.96591282E+0,2.64394188E+0,1.32197094E+0,6.60985470E+0,7.93182564E+0,3.96591282E+0,5.28788376E+0,3.96591282E+0,2.64394188E+0,3.96591282E+0,2.64394188E+0,1.32197094E+0,2.64394188E+0,1.32197094E+0,3.96591282E+0,1.32197094E+0,3.96591282E+0,2.64394188E+0,2.64394188E+0,3.96591282E+0,1.32197094E+0,2.64394188E+0,1.18977385E+1,5.28788376E+0,6.60985470E+0,2.64394188E+0,1.32197094E+0,5.28788376E+0,5.28788376E+0,
374.00,2.61125898E+0,1.30562949E+0,7.83377695E+0,2.61125898E+0,2.61125898E+0,1.30562949E+0,1.30562949E+0,5.22251797E+0,0.00000000E+0,2.61125898E+0,5.22251797E+0,5.22251797E+0,2.61125898E+0,3.91688848E+0,2.61125898E+0,1.30562949E+0,1.30562949E+0,7.83377695E+0,5.22251797E+0,9.13940620E+0,1.30562949E+0,3.91688848E+0,2.61125898E+0,1.30562949E+0,0.00000000E+0,6.52814722E+0,0.00000000E+0,0.00000000E+0,2.61125898E+0,3.91688848E+0,3.91688848E+0,5.22251797E+0,
375.00,5.16020060E+0,1.29005015E+0,5.16020060E+0,2.58010030E+0,5.16020060E+0,3.87015057E+0,3.87015057E+0,1.29005015E+0,1.29005015E+0,1.29005015E+0,1.29005015E+0,2.58010030E+0,0.00000000E+0,1.29005015E+0,1.29005015E+0,3.87015057E+0,6.45025063E+0,2.58010030E+0,2.58010030E+0,1.29005015E+0,1.29005015E+0,0.00000000E+0,7.74030113E+0,1.29005015E+0,2.58010030E+0,0.00000000E+0,0.00000000E+0,1.29005015E+0,1.29005015E+0,2.58010030E+0,1.29005015E+0,6.45025063E+0,
376.00,1.27635610E+0,2.55271220E+0,1.27635610E+0,7.65813684E+0,7.65813684E+0,2.55271220E+0,3.82906842E+0,2.55271220E+0,3.82906842E+0,1.27635610E+0,3.82906842E+0,5.10542440E+0,0.00000000E+0,2.55271220E+0,2.55271220E+0,7.65813684E+0,2.55271220E+0,3.82906842E+0,2.55271220E+0,8.93449306E+0,0.00000000E+0,2.55271220E+0,2.55271220E+0,2.55271220E+0,3.82906842E+0,3.82906842E+0,5.10542440E+0,2.55271220E+0,1.27635610E+0,6.38178062E+0,1.27635610E+0,2.55271220E+0,
377.00,2.52948618E+0,1.26474309E+0,1.26474309E+0,0.00000000E+0,2.52948618E+0,3.79422927E+0,0.00000000E+0,2.52948618E+0,3.79422927E+0,2.52948618E+0,5.05897236E+0,3.79422927E+0,1.26474309E+0,3.79422927E+0,2.52948618E+0,1.26474309E+0,1.26474309E+0,0.00000000E+0,3.79422927E+0,2.52948618E+0,2.52948618E+0,1.26474309E+0,1.26474309E+0,6.32371569E+0,0.00000000E+0,1.01179447E+1,0.00000000E+0,1.26474309E+0,1.26474309E+0,3.79422927E+0,1.26474309E+0,2.52948618E+0,
378.00,1.25285268E+0,3.75855803E+0,7.51711607E+0,3.75855803E+0,0.00000000E+0,5.01141071E+0,6.26426363E+0,7.51711607E+0,1.25285268E+0,8.76996899E+0,5.01141071E+0,8.76996899E+0,3.75855803E+0,5.01141071E+0,0.00000000E+0,3.75855803E+0,3.75855803E+0,2.50570536E+0,3.75855803E+0,1.25285268E+0,6.26426363E+0,3.75855803E+0,3.75855803E+0,3.75855803E+0,1.25285268E+0,5.01141071E+0,2.50570536E+0,2.50570536E+0,1.25285268E+0,1.25285268E+0,3.75855803E+0,0.00000000E+0,
379.00,2.47995353E+0,2.47995353E+0,2.47995353E+0,4.95990705E+0,2.47995353E+0,2.47995353E+0,2.47995353E+0,1.23997676E+0,8.67983723E+0,7.43986034E+0,6.19988346E+0,6.19988346E+0,4.95990705E+0,8.67983723E+0,2.47995353E+0,7.43986034E+0,1.23997676E+0,2.47995353E+0,7.43986034E+0,9.91981411E+0,9.91981411E+0,1.23997676E+0,3.71993017E+0,1.23997676E+0,2.47995353E+0,3.71993017E+0,3.71993017E+0,3.71993017E+0,1.23997676E+0,2.47995353E+0,0.00000000E+0,4.95990705E+0,
380.00,2.45293617E+0,2.45293617E+0,7.35880852E+0,8.58527660E+0,7.35880852E+0,7.35880852E+0,7.35880852E+0,7.35880852E+0,2.45293617E+0,6.13234043E+0,1.10382128E+1,4.90587234E+0,3.67940426E+0,7.35880852E+0,6.13234043E+0,4.90587234E+0,7.35880852E+0,4.90587234E+0,2.45293617E+0,4.90587234E+0,2.45293617E+0,3.67940426E+0,3.67940426E+0,8.58527660E+0,1.22646809E+0,2.45293617E+0,2.45293617E+0,2.45293617E+0,2.45293617E+0,0.00000000E+0,2.45293617E+0,3.67940426E+0,
381.00,1.70477486E+1,2.07008381E+1,4.01839790E+1,5.35786400E+1,5.96671219E+1,6.69732971E+1,6.69732971E+1,3.65308914E+1,6.94086914E+1,4.99255524E+1,4.87078552E+1,3.16601048E+1,3.40954971E+1,4.62724609E+1,3.16601048E+1,1.94831429E+1,1.94831429E+1,2.19185352E+1,1.46123562E+1,9.74157143E+0,1.33946600E+1,3.65308905E+0,6.08848190E+0,2.43539286E+0,3.65308905E+0,2.43539286E+0,4.87078571E+0,1.21769643E+0,1.21769643E+0,3.65308905E+0,2.43539286E+0,3.65308905E+0,
382.00,4.84783936E+0,9.69567871E+0,1.09076385E+1,1.09076385E+1,1.21195984E+1,1.45435181E+1,2.06033173E+1,1.21195984E+1,1.93913574E+1,2.18152771E+1,1.45435181E+1,1.45435181E+1,1.33315582E+1,9.69567871E+0,1.33315582E+1,1.45435181E+1,1.81793976E+1,3.63587952E+0,1.21195984E+0,6.05979919E+0,2.42391968E+0,6.05979919E+0,1.21195984E+0,2.42391968E+0,1.21195984E+0,1.21195984E+0,2.42391968E+0,2.42391968E+0,1.21195984E+0,1.21195984E+0,2.42391968E+0,1.21195984E+0,
383.00,3.62091255E+0,1.68975925E+1,1.81045628E+1,1.81045628E+1,2.17254753E+1,1.20697088E+1,2.41394176E+1,1.56906214E+1,1.08627377E+1,1.32766790E+1,2.05185051E+1,2.41394176E+1,1.68975925E+1,1.32766790E+1,9.65576649E+0,1.56906214E+1,3.62091255E+0,3.62091255E+0,8.44879627E+0,7.24182510E+0,6.03485441E+0,1.20697081E+0,0.00000000E+0,2.41394162E+0,0.00000000E+0,6.03485441E+0,1.20697081E+0,2.41394162E+0,2.41394162E+0,1.20697081E+0,0.00000000E+0,3.62091255E+0,
384.00,7.79575043E+1,1.10339859E+2,1.01944435E+2,1.31928085E+2,1.37924820E+2,1.13937897E+2,1.19934624E+2,9.47483521E+1,8.15555496E+1,7.31601257E+1,6.83627396E+1,5.75686226E+1,5.27712364E+1,4.31764641E+1,3.83790817E+1,2.75849648E+1,2.15882320E+1,1.43921556E+1,1.67908478E+1,8.39542389E+0,3.59803891E+0,4.79738522E+0,3.59803891E+0,8.39542389E+0,8.39542389E+0,0.00000000E+0,4.79738522E+0,3.59803891E+0,1.19934630E+0,1.19934630E+0,5.99673128E+0,3.59803891E+0,
385.00,1.30639734E+1,5.93816996E+0,1.06887054E+1,1.18763399E+1,1.66268749E+1,2.13774109E+1,1.42516079E+1,1.54392414E+1,1.18763399E+1,9.50107193E+0,7.12580395E+0,1.90021439E+1,5.93816996E+0,1.06887054E+1,5.93816996E+0,5.93816996E+0,3.56290197E+0,1.30639734E+1,3.56290197E+0,5.93816996E+0,1.18763399E+0,3.56290197E+0,8.31343746E+0,2.37526798E+0,2.37526798E+0,2.37526798E+0,2.37526798E+0,5.93816996E+0,4.75053596E+0,1.18763399E+0,5.93816996E+0,0.00000000E+0,
386.00,1.40996952E+1,3.17243156E+1,3.75991898E+1,3.64242134E+1,3.52492371E+1,3.52492371E+1,2.11495438E+1,3.28992882E+1,1.40996952E+1,2.58494415E+1,1.87995949E+1,1.64496441E+1,1.05747719E+1,1.17497463E+1,8.22482204E+0,8.22482204E+0,9.39979744E+0,7.04984760E+0,8.22482204E+0,1.17497468E+0,4.69989872E+0,0.00000000E+0,2.34994936E+0,4.69989872E+0,3.52492380E+0,3.52492380E+0,0.00000000E+0,3.52492380E+0,3.52492380E+0,5.87487316E+0,1.17497468E+0,3.52492380E+0,
387.00,6.50698166E+1,9.41188431E+1,8.24992294E+1,1.02252571E+2,9.41188431E+1,9.06329575E+1,6.73937378E+1,8.36611938E+1,4.99643250E+1,5.69360886E+1,4.88023643E+1,2.90490265E+1,1.74294147E+1,2.67251034E+1,1.62674541E+1,1.04576492E+1,1.85913773E+1,1.16196098E+1,3.48588300E+0,5.80980492E+0,5.80980492E+0,3.48588300E+0,9.29568863E+0,5.80980492E+0,3.48588300E+0,1.16196108E+0,4.64784431E+0,1.16196108E+0,4.64784431E+0,4.64784431E+0,4.64784431E+0,3.48588300E+0,
388.00,8.05812931E+0,1.26627750E+1,1.26627750E+1,1.38139362E+1,1.49650984E+1,8.05812931E+0,1.26627750E+1,1.49650984E+1,6.90696812E+0,5.75580692E+0,1.61162586E+1,6.90696812E+0,1.26627750E+1,8.05812931E+0,1.15116138E+1,3.45348406E+0,9.20929146E+0,3.45348406E+0,3.45348406E+0,2.30232286E+0,2.30232286E+0,3.45348406E+0,1.15116143E+0,3.45348406E+0,6.90696812E+0,2.30232286E+0,3.45348406E+0,2.30232286E+0,2.30232286E+0,3.45348406E+0,2.30232286E+0,1.15116143E+0,
389.00,1.02672033E+1,1.25488043E+1,3.42240119E+0,1.71120052E+1,1.02672033E+1,1.48304052E+1,9.12640285E+0,5.70400190E+0,5.70400190E+0,7.98560238E+0,1.14080036E+0,1.25488043E+1,6.84480238E+0,3.42240119E+0,3.42240119E+0,4.56320143E+0,6.84480238E+0,2.28160071E+0,4.56320143E+0,1.14080036E+0,3.42240119E+0,0.00000000E+0,4.56320143E+0,1.14080036E+0,4.56320143E+0,1.14080036E+0,3.42240119E+0,3.42240119E+0,3.42240119E+0,4.56320143E+0,0.00000000E+0,4.56320143E+0,
390.00,3.39826393E+0,4.53101826E+0,5.66377306E+0,1.01947918E+1,1.24603004E+1,1.13275456E+0,4.53101826E+0,7.92928219E+0,6.79652786E+0,1.13275456E+0,7.92928219E+0,2.26550913E+0,3.39826393E+0,2.26550913E+0,6.79652786E+0,1.13275456E+0,2.26550913E+0,3.39826393E+0,3.39826393E+0,3.39826393E+0,4.53101826E+0,0.00000000E+0,3.39826393E+0,4.53101826E+0,9.06203651E+0,5.66377306E+0,9.06203651E+0,2.26550913E+0,2.26550913E+0,2.26550913E+0,2.26550913E+0,7.92928219E+0,
391.00,7.89152288E+0,1.12736034E+0,0.00000000E+0,5.63680172E+0,5.63680172E+0,6.76416206E+0,9.01888275E+0,7.89152288E+0,3.38208103E+0,6.76416206E+0,6.76416206E+0,3.38208103E+0,2.25472069E+0,3.38208103E+0,5.63680172E+0,3.38208103E+0,3.38208103E+0,3.38208103E+0,2.25472069E+0,4.50944138E+0,1.12736034E+0,2.25472069E+0,0.00000000E+0,4.50944138E+0,7.89152288E+0,7.89152288E+0,3.38208103E+0,0.00000000E+0,1.12736034E+0,3.38208103E+0,2.25472069E+0,3.38208103E+0,
392.00,5.61521673E+0,6.73825979E+0,1.01073895E+1,1.12304335E+1,5.61521673E+0,2.24608660E+0,8.98434639E+0,3.36912990E+0,6.73825979E+0,4.49217319E+0,4.49217319E+0,5.61521673E+0,3.36912990E+0,4.49217319E+0,1.12304330E+0,4.49217319E+0,1.12304330E+0,2.24608660E+0,5.61521673E+0,2.24608660E+0,3.36912990E+0,3.36912990E+0,5.61521673E+0,1.12304330E+0,2.24608660E+0,1.01073895E+1,4.49217319E+0,0.00000000E+0,2.24608660E+0,2.24608660E+0,1.12304330E+0,1.23534765E+1,
393.00,1.11826146E+0,5.59130764E+0,1.00643539E+1,2.23652291E+0,6.70956898E+0,3.35478449E+0,6.70956898E+0,4.47304583E+0,3.35478449E+0,6.70956898E+0,3.35478449E+0,3.35478449E+0,2.23652291E+0,8.94609165E+0,1.11826146E+0,1.11826146E+0,1.11826146E+0,2.23652291E+0,1.11826146E+0,0.00000000E+0,2.23652291E+0,2.23652291E+0,1.11826146E+0,0.00000000E+0,3.35478449E+0,2.23652291E+0,2.23652291E+0,4.47304583E+0,7.82783079E+0,2.23652291E+0,0.00000000E+0,2.23652291E+0,
394.00,4.45306969E+0,3.33980227E+0,4.45306969E+0,4.45306969E+0,5.56633711E+0,2.22653484E+0,2.22653484E+0,1.11326742E+0,2.22653484E+0,1.11326742E+0,0.00000000E+0,1.11326742E+0,2.22653484E+0,2.22653484E+0,4.45306969E+0,3.33980227E+0,1.11326742E+0,1.11326742E+0,0.00000000E+0,1.11326742E+0,1.11326742E+0,0.00000000E+0,3.33980227E+0,2.22653484E+0,2.22653484E+0,1.11326742E+0,1.11326742E+0,1.11326742E+0,3.33980227E+0,0.00000000E+0,1.11326742E+0,2.22653484E+0,
395.00,2.21302629E+0,3.31953955E+0,3.31953955E+0,5.53256607E+0,3.31953955E+0,2.21302629E+0,2.21302629E+0,4.42605257E+0,3.31953955E+0,2.21302629E+0,2.21302629E+0,5.53256607E+0,2.21302629E+0,0.00000000E+0,5.53256607E+0,2.21302629E+0,2.21302629E+0,6.63907909E+0,2.21302629E+0,0.00000000E+0,1.10651314E+0,2.21302629E+0,1.10651314E+0,3.31953955E+0,0.00000000E+0,0.00000000E+0,2.21302629E+0,1.10651314E+0,6.63907909E+0,3.31953955E+0,1.10651314E+0,2.21302629E+0,
396.00,1.09749985E+0,2.19499969E+0,8.77999878E+0,2.19499969E+0,4.38999939E+0,3.29249954E+0,2.19499969E+0,3.29249954E+0,3.29249954E+0,2.19499969E+0,0.00000000E+0,1.09749985E+0,2.19499969E+0,1.09749985E+0,4.38999939E+0,3.29249954E+0,3.29249954E+0,4.38999939E+0,0.00000000E+0,4.38999939E+0,1.09749985E+0,5.48749924E+0,1.09749985E+0,0.00000000E+0,0.00000000E+0,2.19499969E+0,1.09749985E+0,1.09749985E+0,3.29249954E+0,1.09749985E+0,2.19499969E+0,3.29249954E+0,
397.00,0.00000000E+0,3.26524687E+0,0.00000000E+0,1.08841562E+0,0.00000000E+0,2.17683125E+0,4.35366249E+0,3.26524687E+0,3.26524687E+0,2.17683125E+0,1.08841562E+0,1.08841562E+0,4.35366249E+0,2.17683125E+0,6.53049374E+0,0.00000000E+0,6.53049374E+0,0.00000000E+0,3.26524687E+0,1.08841562E+0,2.17683125E+0,3.26524687E+0,4.35366249E+0,4.35366249E+0,3.26524687E+0,6.53049374E+0,5.44207811E+0,7.61890936E+0,1.08841562E+0,2.17683125E+0,1.08841562E+0,1.08841562E+0,
398.00,2.16321611E+0,3.24482441E+0,2.16321611E+0,2.16321611E+0,6.48964882E+0,1.08160806E+0,1.08160806E+0,1.08160806E+0,1.08160806E+0,3.24482441E+0,1.08160806E+0,2.16321611E+0,2.16321611E+0,0.00000000E+0,1.08160806E+0,2.16321611E+0,1.08160806E+0,8.65286446E+0,2.16321611E+0,0.00000000E+0,1.08160806E+0,1.08160806E+0,2.16321611E+0,1.08160806E+0,2.16321611E+0,3.24482441E+0,3.24482441E+0,4.32643223E+0,2.16321611E+0,2.16321611E+0,6.48964882E+0,4.32643223E+0,
399.00,0.00000000E+0,0.00000000E+0,2.15087461E+0,2.15087461E+0,2.15087461E+0,2.15087461E+0,0.00000000E+0,0.00000000E+0,4.30174923E+0,1.07543731E+0,1.07543731E+0,1.07543731E+0,1.07543731E+0,2.15087461E+0,1.07543731E+0,4.30174923E+0,3.22631192E+0,2.15087461E+0,4.30174923E+0,4.30174923E+0,2.15087461E+0,1.07543731E+0,0.00000000E+0,2.15087461E+0,2.15087461E+0,0.00000000E+0,0.00000000E+0,2.15087461E+0,2.15087461E+0,2.15087461E+0,1.07543731E+0,4.30174923E+0,
400.00,0.00000000E+0,3.20486712E+0,2.13657808E+0,5.34144497E+0,3.20486712E+0,4.27315617E+0,2.13657808E+0,8.54631233E+0,3.20486712E+0,4.27315617E+0,8.54631233E+0,0.00000000E+0,4.27315617E+0,2.13657808E+0,2.13657808E+0,2.13657808E+0,2.13657808E+0,3.20486712E+0,0.00000000E+0,1.06828904E+0,2.13657808E+0,2.13657808E+0,1.06828904E+0,1.06828904E+0,0.00000000E+0,2.13657808E+0,4.27315617E+0,0.00000000E+0,0.00000000E+0,0.00000000E+0,2.13657808E+0,1.06828904E+0,
401.00,3.18995619E+0,0.00000000E+0,4.25327492E+0,0.00000000E+0,5.31659365E+0,5.31659365E+0,1.06331873E+0,5.31659365E+0,4.25327492E+0,6.37991238E+0,4.25327492E+0,3.18995619E+0,6.37991238E+0,3.18995619E+0,9.56986809E+0,5.31659365E+0,0.00000000E+0,2.12663746E+0,5.31659365E+0,2.12663746E+0,2.12663746E+0,1.06331873E+0,3.18995619E+0,5.31659365E+0,4.25327492E+0,3.18995619E+0,1.06331873E+0,6.37991238E+0,2.12663746E+0,2.12663746E+0,6.37991238E+0,0.00000000E+0,
402.00,3.18460417E+0,3.18460417E+0,4.24613857E+0,1.06153464E+0,1.06153469E+1,4.24613857E+0,8.49227715E+0,8.49227715E+0,6.36920834E+0,1.37999506E+1,8.49227715E+0,7.43074274E+0,8.49227715E+0,6.36920834E+0,4.24613857E+0,2.12306929E+0,4.24613857E+0,1.06153464E+0,1.06153464E+0,9.55381203E+0,1.06153464E+0,4.24613857E+0,3.18460417E+0,2.12306929E+0,6.36920834E+0,2.12306929E+0,2.12306929E+0,3.18460417E+0,4.24613857E+0,4.24613857E+0,2.12306929E+0,1.06153464E+0,
403.00,4.24487972E+0,6.36731958E+0,8.48975945E+0,1.16734190E+1,1.91019592E+1,2.12243977E+1,1.91019592E+1,2.22856178E+1,1.06121988E+1,1.06121988E+1,1.06121993E+0,9.55097961E+0,7.42853928E+0,6.36731958E+0,3.18365979E+0,1.06121993E+0,7.42853928E+0,6.36731958E+0,2.12243986E+0,2.12243986E+0,3.18365979E+0,4.24487972E+0,1.06121993E+0,6.36731958E+0,3.18365979E+0,3.18365979E+0,2.12243986E+0,1.06121993E+0,1.06121993E+0,1.06121993E+0,0.00000000E+0,2.12243986E+0,
404.00,2.12250018E+0,3.18375039E+0,6.36750078E+0,1.59187517E+1,1.59187517E+1,1.48575020E+1,1.37962513E+1,1.37962513E+1,1.27350016E+1,1.06125011E+1,1.91025028E+1,1.27350016E+1,6.36750078E+0,1.06125011E+1,5.30625057E+0,5.30625057E+0,7.42875099E+0,1.06125009E+0,1.06125009E+0,1.06125009E+0,1.06125009E+0,0.00000000E+0,0.00000000E+0,8.49000072E+0,1.06125009E+0,2.12250018E+0,0.00000000E+0,1.06125009E+0,1.06125009E+0,3.18375039E+0,2.12250018E+0,4.24500036E+0,
405.00,2.12367845E+0,1.16802320E+1,5.30919600E+0,1.80512676E+1,2.33604641E+1,2.54841423E+1,1.69894276E+1,2.01749458E+1,1.80512676E+1,1.80512676E+1,1.91131058E+1,1.80512676E+1,1.27420712E+1,6.37103558E+0,7.43287468E+0,1.38039103E+1,6.37103558E+0,5.30919600E+0,3.18551779E+0,8.49471378E+0,3.18551779E+0,4.24735689E+0,3.18551779E+0,0.00000000E+0,1.06183922E+0,1.06183922E+0,1.06183922E+0,3.18551779E+0,3.18551779E+0,0.00000000E+0,1.06183922E+0,0.00000000E+0,
406.00,3.18998766E+0,9.56996346E+0,1.80765972E+1,2.76465607E+1,2.55199013E+1,3.61531944E+1,3.82798538E+1,3.18998775E+1,3.72165222E+1,2.65832310E+1,2.33932438E+1,1.27599506E+1,1.27599506E+1,2.12665844E+1,8.50663376E+0,8.50663376E+0,3.18998766E+0,9.56996346E+0,6.37997532E+0,2.12665844E+0,3.18998766E+0,1.06332922E+0,0.00000000E+0,5.31664610E+0,7.44330454E+0,3.18998766E+0,2.12665844E+0,1.06332922E+0,1.06332922E+0,3.18998766E+0,1.06332922E+0,1.06332922E+0,
407.00,1.27695398E+1,2.34108219E+1,2.66032066E+1,4.57575188E+1,5.74629288E+1,5.63987999E+1,7.12965927E+1,5.85270576E+1,4.78857727E+1,5.53346710E+1,5.00140305E+1,3.83086205E+1,2.23466949E+1,2.23466949E+1,2.44749508E+1,1.48977966E+1,7.44889832E+0,1.06412830E+1,5.32064152E+0,3.19238496E+0,2.12825656E+0,4.25651312E+0,7.44889832E+0,5.32064152E+0,2.12825656E+0,3.19238496E+0,3.19238496E+0,2.12825656E+0,2.12825656E+0,3.19238496E+0,7.44889832E+0,2.12825656E+0,
408.00,2.65462399E+1,3.71647339E+1,7.32676239E+1,1.02999413E+2,1.17865303E+2,1.11494209E+2,1.29545654E+2,1.02999413E+2,8.91953659E+1,7.85768661E+1,8.17624207E+1,6.79583740E+1,4.88450813E+1,3.07936382E+1,2.76080894E+1,1.48658943E+1,1.80514431E+1,5.30924797E+0,9.55664635E+0,8.49479675E+0,6.37109756E+0,6.37109756E+0,1.16803455E+1,2.12369919E+0,2.12369919E+0,3.18554878E+0,0.00000000E+0,2.12369919E+0,0.00000000E+0,2.12369919E+0,9.55664635E+0,1.06184959E+0,
409.00,2.84695740E+2,5.99025208E+2,9.09121338E+2,1.12608276E+3,1.18217517E+3,1.17159180E+3,1.09856567E+3,9.77914001E+2,8.56203918E+2,6.95334961E+2,5.78916626E+2,4.36039551E+2,3.27029663E+2,2.15903091E+2,1.36526947E+2,1.13243286E+2,8.78429184E+1,5.39757729E+1,2.75170593E+1,1.90502720E+1,1.79919243E+1,1.05834846E+1,7.40843916E+0,2.11669683E+0,7.40843916E+0,4.23339367E+0,1.05834842E+0,5.29174232E+0,5.29174232E+0,0.00000000E+0,2.11669683E+0,0.00000000E+0,
410.00,1.20813757E+3,2.19933765E+3,2.93404834E+3,3.50096216E+3,3.66516333E+3,3.46380713E+3,3.15458154E+3,2.71591235E+3,2.14180737E+3,1.83138318E+3,1.41069238E+3,1.09906958E+3,7.97035217E+2,5.83693481E+2,4.18293671E+2,2.74467773E+2,1.77385284E+2,1.13862175E+2,1.00678131E+2,3.35593758E+1,3.11622791E+1,2.27724342E+1,1.79782372E+1,1.07869425E+1,1.19854918E+1,9.58839321E+0,7.19129515E+0,5.99274588E+0,2.39709830E+0,2.39709830E+0,8.38984394E+0,2.39709830E+0,
411.00,3.24689026E+2,4.98883484E+2,6.87297913E+2,7.34697754E+2,7.63137695E+2,7.37067749E+2,6.77817932E+2,5.64058289E+2,5.02438477E+2,3.61423920E+2,2.84399139E+2,2.47664246E+2,1.78934464E+2,1.01909691E+2,6.87297897E+1,6.63598022E+1,3.19949036E+1,3.31799011E+1,2.36999283E+1,1.06649675E+1,9.47997093E+0,7.10997868E+0,9.47997093E+0,5.92498207E+0,3.55498934E+0,4.73998547E+0,3.55498934E+0,3.55498934E+0,0.00000000E+0,4.73998547E+0,3.55498934E+0,2.36999273E+0,
412.00,1.28173425E+3,2.32819141E+3,3.35826099E+3,3.98215527E+3,4.26425391E+3,4.03951147E+3,3.71059155E+3,3.12532471E+3,2.48387231E+3,2.02853479E+3,1.51350000E+3,1.09327844E+3,8.14691406E+2,5.51321350E+2,3.46477936E+2,2.46982590E+2,1.55680969E+2,9.83248215E+1,6.78909454E+1,3.97981415E+1,2.80928059E+1,1.63874702E+1,1.52169371E+1,3.51160073E+0,5.85266781E+0,5.85266781E+0,4.68213463E+0,7.02320147E+0,3.51160073E+0,1.17053366E+0,9.36426926E+0,2.34106731E+0,
413.00,8.01713135E+2,1.43452283E+3,1.94933142E+3,2.25358911E+3,2.40398242E+3,2.36002124E+3,2.05692065E+3,1.72721167E+3,1.45071899E+3,1.21240308E+3,9.02361084E+2,7.01065186E+2,5.11337952E+2,3.86395660E+2,2.57982727E+2,2.05923431E+2,9.71773529E+1,7.40398865E+1,5.32161674E+1,2.66080837E+1,1.85099716E+1,1.85099716E+1,1.38824787E+1,9.25498581E+0,5.78436613E+0,5.78436613E+0,3.47061968E+0,3.47061968E+0,2.31374645E+0,6.94123936E+0,1.15687323E+0,2.31374645E+0,
414.00,1.93877051E+3,2.92419751E+3,3.53607910E+3,3.55212085E+3,3.29888916E+3,2.92878101E+3,2.42231738E+3,1.98460437E+3,1.51595349E+3,1.14699133E+3,8.83446838E+2,6.24485779E+2,4.42296356E+2,2.71565369E+2,2.02814651E+2,1.60418365E+2,9.28134842E+1,5.84381180E+1,5.04172020E+1,1.71876812E+1,1.37501459E+1,5.72922707E+0,1.26043005E+1,5.72922707E+0,0.00000000E+0,1.14584541E+0,4.58338165E+0,1.14584541E+0,1.14584541E+0,2.29169083E+0,3.43753648E+0,1.14584541E+0,
415.00,7.22451843E+2,1.15524133E+3,1.49829236E+3,1.60620581E+3,1.63460400E+3,1.43581616E+3,1.26315479E+3,1.08708557E+3,8.36044861E+2,6.69063110E+2,4.86178284E+2,3.89624176E+2,2.73759277E+2,1.45399109E+2,1.38583527E+2,9.20103760E+1,5.79324570E+1,4.20294304E+1,3.29419861E+1,1.93108196E+1,1.02233753E+1,4.54372215E+0,4.54372215E+0,5.67965269E+0,5.67965269E+0,9.08744431E+0,2.27186108E+0,1.13593054E+0,4.54372215E+0,7.95151377E+0,4.54372215E+0,3.40779161E+0,
416.00,1.10269226E+2,1.45150299E+2,2.11536880E+2,2.29540024E+2,2.52043945E+2,2.44167572E+2,2.09286484E+2,1.87907761E+2,1.26021973E+2,1.49651093E+2,1.01267654E+2,7.42629471E+1,6.30109863E+1,2.92551003E+1,1.91283340E+1,1.91283340E+1,1.91283340E+1,1.35023537E+1,9.00156975E+0,6.75117683E+0,4.50078487E+0,3.37558842E+0,5.62598085E+0,1.12519622E+0,2.25039244E+0,3.37558842E+0,3.37558842E+0,3.37558842E+0,2.25039244E+0,0.00000000E+0,3.37558842E+0,1.12519622E+0,
417.00,6.68533783E+1,1.12536522E+2,1.16993416E+2,1.45963211E+2,1.64905014E+2,1.49305893E+2,1.45963211E+2,1.05851189E+2,9.35947342E+1,6.57391586E+1,5.34827042E+1,6.46249390E+1,3.89978065E+1,2.89697990E+1,1.67133446E+1,1.55991220E+1,1.22564535E+1,1.22564535E+1,7.79956102E+0,3.34266901E+0,3.34266901E+0,3.34266901E+0,2.22844601E+0,6.68533802E+0,1.11422300E+0,1.11422300E+0,3.34266901E+0,4.45689201E+0,3.34266901E+0,1.11422300E+0,1.11422300E+0,3.34266901E+0,
418.00,3.42189522E+1,7.50609283E+1,1.11487556E+2,8.05801163E+1,1.17006744E+2,1.32460464E+2,9.71376724E+1,8.16839523E+1,7.61647644E+1,5.51918602E+1,5.40880241E+1,2.42844181E+1,3.31151161E+1,2.75959301E+1,1.76613960E+1,7.72686052E+0,6.62302303E+0,4.41534901E+0,2.20767450E+0,8.83069801E+0,2.20767450E+0,3.31151152E+0,3.31151152E+0,4.41534901E+0,0.00000000E+0,1.10383725E+0,3.31151152E+0,4.41534901E+0,3.31151152E+0,2.20767450E+0,3.31151152E+0,3.31151152E+0,
419.00,4.26579819E+1,5.03145447E+1,9.07849350E+1,9.29725266E+1,1.11567032E+2,8.85973511E+1,8.42221680E+1,8.09407883E+1,4.70331612E+1,8.20345840E+1,3.93765984E+1,3.28138313E+1,2.51572723E+1,2.40634766E+1,1.09379444E+1,7.65656090E+0,7.65656090E+0,2.18758893E+0,3.28138328E+0,2.18758893E+0,4.37517786E+0,1.09379447E+0,5.46897221E+0,3.28138328E+0,3.28138328E+0,2.18758893E+0,3.28138328E+0,0.00000000E+0,1.09379447E+0,3.28138328E+0,4.37517786E+0,3.28138328E+0,
420.00,3.90501823E+1,5.31516380E+1,7.26767273E+1,8.56934586E+1,6.18294563E+1,6.61683655E+1,5.74905472E+1,5.96600037E+1,5.09821854E+1,3.68807297E+1,2.49487286E+1,2.27792740E+1,1.73556366E+1,2.27792740E+1,6.50836372E+0,1.41014547E+1,1.08472729E+1,3.25418186E+0,4.33890915E+0,5.42363644E+0,3.25418186E+0,2.16945457E+0,1.08472729E+0,4.33890915E+0,2.16945457E+0,0.00000000E+0,4.33890915E+0,4.33890915E+0,3.25418186E+0,0.00000000E+0,0.00000000E+0,4.33890915E+0,
421.00,2.80180511E+1,3.44837570E+1,5.81913376E+1,5.81913376E+1,4.74151649E+1,5.49584885E+1,3.77166100E+1,3.66389923E+1,2.15523472E+1,2.90956688E+1,2.80180511E+1,1.93971138E+1,9.69855690E+0,1.07761736E+1,5.38808680E+0,6.46570444E+0,3.23285222E+0,3.23285222E+0,3.23285222E+0,1.07761741E+0,7.54332161E+0,4.31046963E+0,1.07761741E+0,2.15523481E+0,2.15523481E+0,5.38808680E+0,0.00000000E+0,2.15523481E+0,2.15523481E+0,3.23285222E+0,1.07761741E+0,2.15523481E+0,
422.00,1.17831411E+1,2.35662823E+1,1.92815037E+1,3.32070313E+1,2.67798653E+1,3.32070313E+1,3.42782288E+1,2.24950867E+1,2.03526974E+1,1.92815037E+1,1.92815037E+1,1.07119465E+1,1.28543348E+1,9.64075184E+0,5.35597324E+0,1.07119465E+0,2.14238930E+0,7.49836206E+0,0.00000000E+0,3.21358371E+0,3.21358371E+0,1.07119465E+0,1.07119465E+0,2.14238930E+0,3.21358371E+0,3.21358371E+0,2.14238930E+0,0.00000000E+0,1.07119465E+0,3.21358371E+0,1.07119465E+0,2.14238930E+0,
423.00,9.59767056E+0,1.27968941E+1,1.91953411E+1,2.13281574E+1,2.55937881E+1,1.49297104E+1,2.66601963E+1,1.81289330E+1,1.38633022E+1,1.49297104E+1,1.17304869E+1,7.46485519E+0,6.39844704E+0,6.39844704E+0,4.26563168E+0,0.00000000E+0,1.06640792E+0,4.26563168E+0,4.26563168E+0,6.39844704E+0,1.06640792E+0,3.19922352E+0,3.19922352E+0,0.00000000E+0,2.13281584E+0,4.26563168E+0,0.00000000E+0,3.19922352E+0,0.00000000E+0,3.19922352E+0,3.19922352E+0,4.26563168E+0,
424.00,8.49647808E+0,1.59308958E+1,1.48688364E+1,1.27447166E+1,1.06205969E+1,1.59308958E+1,2.01791344E+1,1.69929562E+1,9.55853748E+0,1.16826572E+1,8.49647808E+0,8.49647808E+0,2.12411952E+0,8.49647808E+0,4.24823904E+0,5.31029844E+0,1.06205976E+0,2.12411952E+0,2.12411952E+0,1.06205976E+0,2.12411952E+0,2.12411952E+0,4.24823904E+0,4.24823904E+0,3.18617916E+0,1.06205976E+0,0.00000000E+0,0.00000000E+0,1.06205976E+0,1.06205976E+0,3.18617916E+0,2.12411952E+0,
425.00,3.17328000E+0,6.34656000E+0,4.23104000E+0,1.05776005E+1,7.40432024E+0,3.17328000E+0,1.05776005E+1,1.05776005E+1,5.28880024E+0,6.34656000E+0,7.40432024E+0,6.34656000E+0,2.11552000E+0,5.28880024E+0,1.05776000E+0,4.23104000E+0,0.00000000E+0,3.17328000E+0,2.11552000E+0,1.05776000E+0,2.11552000E+0,2.11552000E+0,0.00000000E+0,4.23104000E+0,3.17328000E+0,2.11552000E+0,2.11552000E+0,3.17328000E+0,0.00000000E+0,1.05776000E+0,3.17328000E+0,3.17328000E+0,
426.00,2.10742497E+0,5.26856232E+0,5.26856232E+0,9.48341179E+0,1.15908365E+1,6.32227468E+0,7.37598705E+0,8.42969990E+0,6.32227468E+0,9.48341179E+0,4.21484995E+0,5.26856232E+0,1.05371249E+0,3.16113734E+0,3.16113734E+0,4.21484995E+0,4.21484995E+0,4.21484995E+0,0.00000000E+0,2.10742497E+0,6.32227468E+0,2.10742497E+0,2.10742497E+0,5.26856232E+0,4.21484995E+0,3.16113734E+0,1.05371249E+0,1.05371249E+0,1.05371249E+0,2.10742497E+0,1.05371249E+0,4.21484995E+0,
427.00,4.19922638E+0,5.24903297E+0,3.14942002E+0,7.34864664E+0,1.25976801E+1,6.29884005E+0,6.29884005E+0,5.24903297E+0,4.19922638E+0,3.14942002E+0,0.00000000E+0,2.09961319E+0,1.04980659E+0,0.00000000E+0,0.00000000E+0,1.04980659E+0,1.04980659E+0,2.09961319E+0,1.04980659E+0,2.09961319E+0,1.04980659E+0,1.04980659E+0,0.00000000E+0,5.24903297E+0,1.04980659E+0,1.04980659E+0,3.14942002E+0,2.09961319E+0,4.19922638E+0,1.04980659E+0,1.04980659E+0,3.14942002E+0,
428.00,2.09246540E+0,7.32362890E+0,1.04623270E+0,4.18493080E+0,3.13869810E+0,1.04623270E+1,2.09246540E+0,1.04623270E+0,5.23116350E+0,1.04623270E+0,2.09246540E+0,2.09246540E+0,5.23116350E+0,2.09246540E+0,5.23116350E+0,1.04623270E+0,1.04623270E+0,0.00000000E+0,3.13869810E+0,3.13869810E+0,5.23116350E+0,1.04623270E+0,1.04623270E+0,1.04623270E+0,3.13869810E+0,3.13869810E+0,0.00000000E+0,3.13869810E+0,3.13869810E+0,5.23116350E+0,3.13869810E+0,3.13869810E+0,
429.00,4.17353487E+0,5.21691847E+0,1.14772205E+1,2.08676744E+0,5.21691847E+0,3.13015103E+0,7.30368567E+0,4.17353487E+0,1.14772205E+1,1.04338372E+0,4.17353487E+0,5.21691847E+0,1.04338372E+0,1.04338372E+0,2.08676744E+0,2.08676744E+0,2.08676744E+0,0.00000000E+0,5.21691847E+0,1.04338372E+0,1.04338372E+0,1.04338372E+0,3.13015103E+0,5.21691847E+0,2.08676744E+0,1.04338372E+0,0.00000000E+0,3.13015103E+0,4.17353487E+0,0.00000000E+0,4.17353487E+0,6.26030207E+0,
430.00,5.20745802E+0,3.12447500E+0,4.16596651E+0,3.12447500E+0,4.16596651E+0,5.20745802E+0,4.16596651E+0,5.20745802E+0,2.08298326E+0,2.08298326E+0,4.16596651E+0,1.04149163E+0,6.24895000E+0,2.08298326E+0,1.04149163E+0,3.12447500E+0,6.24895000E+0,3.12447500E+0,0.00000000E+0,5.20745802E+0,4.16596651E+0,6.24895000E+0,2.08298326E+0,3.12447500E+0,1.04149163E+0,5.20745802E+0,1.04149163E+0,0.00000000E+0,1.04149163E+0,3.12447500E+0,1.04149163E+0,4.16596651E+0,
431.00,2.08157969E+0,2.08157969E+0,5.20394945E+0,2.08157969E+0,0.00000000E+0,3.12236953E+0,5.20394945E+0,1.04078984E+0,4.16315937E+0,2.08157969E+0,3.12236953E+0,8.32631874E+0,2.08157969E+0,2.08157969E+0,2.08157969E+0,5.20394945E+0,1.04078984E+0,5.20394945E+0,2.08157969E+0,3.12236953E+0,3.12236953E+0,4.16315937E+0,0.00000000E+0,6.24473906E+0,4.16315937E+0,2.08157969E+0,3.12236953E+0,2.08157969E+0,3.12236953E+0,2.08157969E+0,0.00000000E+0,1.04078984E+0,
432.00,1.04160249E+0,1.04160249E+0,2.08320498E+0,3.12480736E+0,5.20801258E+0,3.12480736E+0,5.20801258E+0,3.12480736E+0,5.20801258E+0,1.04160249E+0,1.04160249E+0,5.20801258E+0,5.20801258E+0,0.00000000E+0,4.16640997E+0,5.20801258E+0,8.33281994E+0,3.12480736E+0,1.04160249E+0,7.29121733E+0,0.00000000E+0,0.00000000E+0,2.08320498E+0,2.08320498E+0,2.08320498E+0,3.12480736E+0,4.16640997E+0,2.08320498E+0,7.29121733E+0,6.24961472E+0,3.12480736E+0,2.08320498E+0,
433.00,1.04190707E+0,2.08381414E+0,2.08381414E+0,4.16762829E+0,2.08381414E+0,9.37716389E+0,3.12572122E+0,2.08381414E+0,2.08381414E+0,2.08381414E+0,3.12572122E+0,5.20953560E+0,3.12572122E+0,1.04190707E+0,2.08381414E+0,0.00000000E+0,4.16762829E+0,2.08381414E+0,4.16762829E+0,3.12572122E+0,1.04190707E+0,2.08381414E+0,0.00000000E+0,2.08381414E+0,3.12572122E+0,2.08381414E+0,2.08381414E+0,1.04190707E+0,1.04190707E+0,2.08381414E+0,5.20953560E+0,1.04190707E+0,
434.00,3.12210798E+0,2.08140540E+0,2.08140540E+0,2.08140540E+0,3.12210798E+0,2.08140540E+0,5.20351362E+0,9.36632442E+0,3.12210798E+0,4.16281080E+0,1.04070270E+0,0.00000000E+0,1.04070270E+0,8.32562160E+0,3.12210798E+0,2.08140540E+0,0.00000000E+0,1.04070270E+0,1.04070270E+0,4.16281080E+0,4.16281080E+0,2.08140540E+0,0.00000000E+0,0.00000000E+0,6.24421597E+0,6.24421597E+0,3.12210798E+0,2.08140540E+0,3.12210798E+0,2.08140540E+0,0.00000000E+0,2.08140540E+0,
435.00,1.03801668E+0,1.03801668E+0,4.15206671E+0,5.19008350E+0,8.30413342E+0,2.07603335E+0,6.22810030E+0,1.03801668E+0,3.11405015E+0,2.07603335E+0,3.11405015E+0,0.00000000E+0,0.00000000E+0,3.11405015E+0,4.15206671E+0,3.11405015E+0,2.07603335E+0,4.15206671E+0,1.03801668E+0,0.00000000E+0,0.00000000E+0,0.00000000E+0,0.00000000E+0,2.07603335E+0,2.07603335E+0,0.00000000E+0,2.07603335E+0,3.11405015E+0,0.00000000E+0,1.03801668E+0,2.07603335E+0,1.03801668E+0,
436.00,1.04567385E+0,5.22836876E+0,3.13702130E+0,2.09134769E+0,4.18269539E+0,1.04567385E+0,1.04567385E+0,2.09134769E+0,3.13702130E+0,1.04567385E+0,2.09134769E+0,0.00000000E+0,4.18269539E+0,1.04567385E+0,4.18269539E+0,2.09134769E+0,2.09134769E+0,0.00000000E+0,2.09134769E+0,5.22836876E+0,1.04567385E+0,0.00000000E+0,0.00000000E+0,0.00000000E+0,4.18269539E+0,3.13702130E+0,2.09134769E+0,0.00000000E+0,3.13702130E+0,3.13702130E+0,3.13702130E+0,4.18269539E+0,
437.00,1.06449389E+0,4.25797558E+0,2.12898779E+0,3.19348168E+0,4.25797558E+0,3.19348168E+0,4.25797558E+0,3.19348168E+0,4.25797558E+0,2.12898779E+0,5.32246971E+0,4.25797558E+0,0.00000000E+0,3.19348168E+0,1.06449389E+0,0.00000000E+0,1.06449389E+0,3.19348168E+0,2.12898779E+0,0.00000000E+0,3.19348168E+0,1.06449389E+0,0.00000000E+0,0.00000000E+0,3.19348168E+0,2.12898779E+0,4.25797558E+0,2.12898779E+0,1.06449389E+0,1.06449389E+0,0.00000000E+0,3.19348168E+0,
438.00,2.17726398E+0,3.26589584E+0,5.44315958E+0,1.08863199E+0,3.26589584E+0,1.08863199E+0,7.62042379E+0,1.08863199E+0,4.35452795E+0,1.08863199E+0,6.53179169E+0,2.17726398E+0,3.26589584E+0,3.26589584E+0,3.26589584E+0,1.08863199E+0,3.26589584E+0,2.17726398E+0,4.35452795E+0,4.35452795E+0,3.26589584E+0,0.00000000E+0,2.17726398E+0,2.17726398E+0,2.17726398E+0,1.08863199E+0,0.00000000E+0,1.08863199E+0,3.26589584E+0,4.35452795E+0,1.08863199E+0,1.08863199E+0,
439.00,1.11208272E+0,2.22416544E+0,1.11208272E+0,2.22416544E+0,4.44833088E+0,2.22416544E+0,3.33624816E+0,2.22416544E+0,1.11208272E+0,4.44833088E+0,1.11208272E+0,1.11208272E+0,1.11208272E+0,6.67249632E+0,5.56041384E+0,4.44833088E+0,1.11208272E+0,3.33624816E+0,2.22416544E+0,2.22416544E+0,0.00000000E+0,1.11208272E+0,4.44833088E+0,3.33624816E+0,0.00000000E+0,0.00000000E+0,4.44833088E+0,3.33624816E+0,0.00000000E+0,1.11208272E+0,0.00000000E+0,5.56041384E+0,
440.00,3.37523508E+0,6.75047016E+0,7.87554884E+0,2.25015664E+0,6.75047016E+0,3.37523508E+0,4.50031328E+0,2.25015664E+0,1.12507832E+0,1.12507832E+0,2.25015664E+0,3.37523508E+0,2.25015664E+0,5.62539196E+0,2.25015664E+0,1.12507832E+0,5.62539196E+0,5.62539196E+0,0.00000000E+0,3.37523508E+0,2.25015664E+0,2.25015664E+0,0.00000000E+0,4.50031328E+0,2.25015664E+0,3.37523508E+0,2.25015664E+0,1.12507832E+0,2.25015664E+0,1.12507832E+0,0.00000000E+0,2.25015664E+0,
441.00,3.44360828E+0,1.14786947E+0,2.29573894E+0,4.59147787E+0,0.00000000E+0,3.44360828E+0,5.73934698E+0,8.03508568E+0,2.29573894E+0,3.44360828E+0,1.14786947E+0,2.29573894E+0,4.59147787E+0,1.14786947E+0,1.14786947E+0,4.59147787E+0,2.29573894E+0,3.44360828E+0,4.59147787E+0,2.29573894E+0,3.44360828E+0,4.59147787E+0,3.44360828E+0,3.44360828E+0,2.29573894E+0,1.14786947E+0,1.14786947E+0,4.59147787E+0,1.14786947E+0,2.29573894E+0,1.14786947E+0,2.29573894E+0,
442.00,2.32317019E+0,2.32317019E+0,5.80792522E+0,2.32317019E+0,0.00000000E+0,1.16158509E+0,3.48475528E+0,1.16158509E+0,0.00000000E+0,6.96951056E+0,3.48475528E+0,2.32317019E+0,1.16158509E+0,4.64634037E+0,3.48475528E+0,1.16158509E+0,5.80792522E+0,4.64634037E+0,2.32317019E+0,3.48475528E+0,0.00000000E+0,1.16158509E+0,4.64634037E+0,0.00000000E+0,0.00000000E+0,1.16158509E+0,2.32317019E+0,2.32317019E+0,1.16158509E+0,2.32317019E+0,5.80792522E+0,2.32317019E+0,
443.00,5.88044310E+0,1.17608869E+0,0.00000000E+0,1.17608869E+0,4.70435476E+0,1.17608869E+0,1.17608869E+0,3.52826595E+0,0.00000000E+0,5.88044310E+0,2.35217738E+0,5.88044310E+0,1.17608869E+0,3.52826595E+0,3.52826595E+0,1.17608869E+0,5.88044310E+0,1.17608869E+0,2.35217738E+0,1.17608869E+0,1.17608869E+0,2.35217738E+0,4.70435476E+0,1.17608869E+0,3.52826595E+0,2.35217738E+0,3.52826595E+0,3.52826595E+0,0.00000000E+0,1.17608869E+0,5.88044310E+0,0.00000000E+0,
444.00,0.00000000E+0,0.00000000E+0,1.19334733E+0,3.58004189E+0,3.58004189E+0,0.00000000E+0,3.58004189E+0,1.19334733E+0,5.96673632E+0,5.96673632E+0,2.38669467E+0,1.19334733E+0,4.77338934E+0,4.77338934E+0,3.58004189E+0,8.35343075E+0,3.58004189E+0,0.00000000E+0,2.38669467E+0,0.00000000E+0,3.58004189E+0,1.19334733E+0,3.58004189E+0,3.58004189E+0,3.58004189E+0,2.38669467E+0,1.19334733E+0,0.00000000E+0,1.19334733E+0,4.77338934E+0,1.19334733E+0,2.38669467E+0,
445.00,1.20183432E+0,8.41284084E+0,1.20183432E+0,4.80733728E+0,4.80733728E+0,6.00917196E+0,4.80733728E+0,2.40366864E+0,2.40366864E+0,3.60550308E+0,1.20183432E+0,0.00000000E+0,2.40366864E+0,2.40366864E+0,0.00000000E+0,3.60550308E+0,1.20183432E+0,1.20183432E+0,1.20183432E+0,2.40366864E+0,3.60550308E+0,0.00000000E+0,3.60550308E+0,3.60550308E+0,2.40366864E+0,2.40366864E+0,1.20183432E+0,1.20183432E+0,1.20183432E+0,4.80733728E+0,4.80733728E+0,2.40366864E+0,
446.00,3.62460518E+0,4.83280706E+0,2.41640353E+0,3.62460518E+0,6.04100847E+0,2.41640353E+0,0.00000000E+0,4.83280706E+0,0.00000000E+0,1.20820177E+0,2.41640353E+0,6.04100847E+0,1.20820177E+0,0.00000000E+0,6.04100847E+0,1.20820177E+0,0.00000000E+0,0.00000000E+0,1.20820177E+0,2.41640353E+0,1.20820177E+0,1.20820177E+0,3.62460518E+0,4.83280706E+0,3.62460518E+0,2.41640353E+0,8.45741177E+0,3.62460518E+0,2.41640353E+0,3.62460518E+0,1.20820177E+0,1.20820177E+0,
447.00,2.43156147E+0,3.64734221E+0,4.86312294E+0,2.43156147E+0,6.07890368E+0,6.07890368E+0,7.29468441E+0,7.29468441E+0,3.64734221E+0,3.64734221E+0,4.86312294E+0,3.64734221E+0,0.00000000E+0,2.43156147E+0,2.43156147E+0,1.21578074E+0,3.64734221E+0,3.64734221E+0,8.51046467E+0,8.51046467E+0,4.86312294E+0,2.43156147E+0,2.43156147E+0,3.64734221E+0,2.43156147E+0,7.29468441E+0,4.86312294E+0,1.21578074E+0,3.64734221E+0,3.64734221E+0,0.00000000E+0,3.64734221E+0,
448.00,2.42640615E+0,3.63960910E+0,3.63960910E+0,2.42640615E+0,6.06601524E+0,4.85281229E+0,8.49242115E+0,7.27921820E+0,8.49242115E+0,3.63960910E+0,2.42640615E+0,4.85281229E+0,4.85281229E+0,4.85281229E+0,0.00000000E+0,1.21320307E+0,1.21320307E+0,2.42640615E+0,2.42640615E+0,0.00000000E+0,6.06601524E+0,6.06601524E+0,8.49242115E+0,4.85281229E+0,4.85281229E+0,4.85281229E+0,7.27921820E+0,1.21320307E+0,6.06601524E+0,2.42640615E+0,4.85281229E+0,0.00000000E+0,
449.00,1.20883477E+0,1.20883477E+0,1.20883477E+0,3.62650442E+0,1.20883477E+0,2.41766953E+0,6.04417372E+0,1.20883477E+0,4.83533907E+0,3.62650442E+0,2.41766953E+0,4.83533907E+0,2.41766953E+0,4.83533907E+0,3.62650442E+0,4.83533907E+0,2.41766953E+0,2.41766953E+0,2.41766953E+0,4.83533907E+0,1.20883477E+0,4.83533907E+0,4.83533907E+0,4.83533907E+0,3.62650442E+0,7.25300884E+0,1.20883477E+0,3.62650442E+0,0.00000000E+0,3.62650442E+0,1.20883477E+0,1.20883477E+0,
450.00,3.58750463E+0,2.39166975E+0,1.19583488E+0,5.97917414E+0,8.37084389E+0,2.39166975E+0,0.00000000E+0,2.39166975E+0,5.97917414E+0,3.58750463E+0,2.39166975E+0,5.97917414E+0,1.19583488E+0,5.97917414E+0,2.39166975E+0,2.39166975E+0,4.78333950E+0,3.58750463E+0,4.78333950E+0,0.00000000E+0,3.58750463E+0,2.39166975E+0,2.39166975E+0,4.78333950E+0,2.39166975E+0,7.17500925E+0,1.19583488E+0,2.39166975E+0,4.78333950E+0,0.00000000E+0,2.39166975E+0,4.78333950E+0,
451.00,1.18371212E+0,1.18371212E+0,2.36742425E+0,5.91856050E+0,3.55113649E+0,1.18371210E+1,7.10227299E+0,7.10227299E+0,9.46969700E+0,8.28598499E+0,3.55113649E+0,5.91856050E+0,4.73484850E+0,2.36742425E+0,2.36742425E+0,1.18371212E+0,1.18371212E+0,7.10227299E+0,1.18371212E+0,1.18371212E+0,3.55113649E+0,3.55113649E+0,4.73484850E+0,4.73484850E+0,7.10227299E+0,9.46969700E+0,5.91856050E+0,5.91856050E+0,2.36742425E+0,0.00000000E+0,3.55113649E+0,1.18371212E+0,
452.00,0.00000000E+0,5.83509254E+0,0.00000000E+0,1.16701853E+0,7.00211143E+0,2.33403707E+0,7.00211143E+0,5.83509254E+0,3.50105572E+0,4.66807413E+0,1.28372040E+1,7.00211143E+0,7.00211143E+0,3.50105572E+0,5.83509254E+0,3.50105572E+0,8.16912937E+0,4.66807413E+0,3.50105572E+0,1.16701853E+0,7.00211143E+0,5.83509254E+0,1.16701851E+1,8.16912937E+0,1.28372040E+1,5.83509254E+0,4.66807413E+0,3.50105572E+0,5.83509254E+0,2.33403707E+0,3.50105572E+0,2.33403707E+0,
453.00,5.72752762E+0,0.00000000E+0,3.43651652E+0,0.00000000E+0,4.58202219E+0,2.29101110E+0,2.29101110E+0,3.43651652E+0,4.58202219E+0,3.43651652E+0,1.14550555E+0,5.72752762E+0,6.87303305E+0,4.58202219E+0,1.14550555E+0,2.29101110E+0,5.72752762E+0,2.29101110E+0,1.14550555E+0,3.43651652E+0,6.87303305E+0,3.43651652E+0,4.58202219E+0,4.58202219E+0,3.43651652E+0,3.43651652E+0,5.72752762E+0,1.14550552E+1,5.72752762E+0,2.29101110E+0,3.43651652E+0,2.29101110E+0,
454.00,4.51168013E+0,4.51168013E+0,1.35350399E+1,4.51168013E+0,1.91746407E+1,1.12792006E+1,7.89544010E+0,1.46629601E+1,1.46629601E+1,5.63960028E+0,0.00000000E+0,3.38375998E+0,4.51168013E+0,0.00000000E+0,4.51168013E+0,7.89544010E+0,4.51168013E+0,6.76751995E+0,4.51168013E+0,5.63960028E+0,6.76751995E+0,1.24071207E+1,7.89544010E+0,1.01512804E+1,1.12792006E+1,6.76751995E+0,5.63960028E+0,9.02336025E+0,3.38375998E+0,2.25584006E+0,3.38375998E+0,3.38375998E+0,
455.00,1.43822460E+1,2.21265316E+1,2.43391857E+1,1.88075523E+1,2.54455109E+1,1.65948982E+1,1.99138794E+1,1.43822460E+1,1.21695929E+1,1.54885721E+1,6.63795948E+0,6.63795948E+0,8.85061264E+0,4.42530632E+0,4.42530632E+0,1.10632658E+0,2.21265316E+0,6.63795948E+0,6.63795948E+0,3.31897974E+0,5.53163290E+0,1.32759190E+1,8.85061264E+0,1.10632658E+1,2.21265316E+1,1.77012253E+1,1.43822460E+1,9.95693970E+0,4.42530632E+0,4.42530632E+0,2.21265316E+0,2.21265316E+0,
456.00,7.66396236E+0,2.18970346E+0,2.18970346E+0,8.75881386E+0,1.09485173E+0,4.37940693E+0,5.47425890E+0,8.75881386E+0,6.56911039E+0,6.56911039E+0,8.75881386E+0,4.37940693E+0,1.09485178E+1,3.28455520E+0,3.28455520E+0,4.37940693E+0,1.09485173E+0,2.18970346E+0,7.66396236E+0,6.56911039E+0,1.20433693E+1,1.09485178E+1,1.09485178E+1,9.85366535E+0,1.42330732E+1,9.85366535E+0,1.31382208E+1,1.09485178E+1,1.09485178E+1,2.18970346E+0,1.09485173E+0,3.28455520E+0,
457.00,0.00000000E+0,3.24498534E+0,5.40830898E+0,5.40830898E+0,5.40830898E+0,4.32664728E+0,5.40830898E+0,7.57163286E+0,0.00000000E+0,3.24498534E+0,2.16332364E+0,7.57163286E+0,0.00000000E+0,3.24498534E+0,4.32664728E+0,3.24498534E+0,5.40830898E+0,6.48997068E+0,7.57163286E+0,3.24498534E+0,6.48997068E+0,1.51432657E+1,8.65329456E+0,7.57163286E+0,6.48997068E+0,3.24498534E+0,3.24498534E+0,4.32664728E+0,3.24498534E+0,4.32664728E+0,5.40830898E+0,1.08166182E+0,
458.00,2.03169479E+1,3.63566437E+1,5.77429047E+1,5.45349655E+1,4.27725220E+1,3.20793915E+1,4.17032089E+1,4.27725220E+1,2.78021393E+1,2.56635132E+1,2.13862610E+1,2.13862610E+1,8.55450439E+0,8.55450439E+0,1.17624435E+1,9.62381744E+0,9.62381744E+0,1.28317566E+1,7.48519135E+0,7.48519135E+0,2.03169479E+1,2.78021393E+1,1.71090088E+1,1.81783218E+1,2.35248871E+1,2.78021393E+1,2.13862610E+1,1.71090088E+1,8.55450439E+0,6.41587830E+0,3.20793915E+0,1.06931305E+0,
459.00,1.26919107E+1,2.53838215E+1,2.64414806E+1,3.70180740E+1,4.86523247E+1,3.49027557E+1,3.06721172E+1,2.85567989E+1,2.32685032E+1,2.22108440E+1,1.48072290E+1,1.05765924E+1,9.51893330E+0,1.26919107E+1,7.40361452E+0,3.17297769E+0,2.11531854E+0,3.17297769E+0,1.16342516E+1,5.28829622E+0,1.16342516E+1,1.79802074E+1,2.53838215E+1,3.49027557E+1,2.32685032E+1,1.37495699E+1,2.43261623E+1,1.26919107E+1,8.46127415E+0,3.17297769E+0,6.34595537E+0,1.05765927E+0,
460.00,3.13978744E+0,2.09319162E+0,3.13978744E+0,6.27957487E+0,5.23297882E+0,3.13978744E+0,4.18638325E+0,9.41936207E+0,7.32617044E+0,6.27957487E+0,4.18638325E+0,6.27957487E+0,1.04659581E+0,4.18638325E+0,3.13978744E+0,2.09319162E+0,7.32617044E+0,1.04659581E+0,2.09319162E+0,9.41936207E+0,2.09319162E+0,6.27957487E+0,6.27957487E+0,4.18638325E+0,2.09319162E+0,9.41936207E+0,3.13978744E+0,5.23297882E+0,3.13978744E+0,2.09319162E+0,2.09319162E+0,0.00000000E+0,
461.00,4.14491749E+0,3.10868788E+0,3.10868788E+0,4.14491749E+0,1.03622937E+0,5.18114662E+0,3.10868788E+0,6.21737576E+0,6.21737576E+0,2.07245874E+0,5.18114662E+0,5.18114662E+0,1.03622937E+0,5.18114662E+0,2.07245874E+0,6.21737576E+0,3.10868788E+0,2.07245874E+0,3.10868788E+0,2.07245874E+0,3.10868788E+0,1.03622937E+0,2.07245874E+0,2.07245874E+0,7.25360537E+0,8.28983498E+0,2.07245874E+0,5.18114662E+0,2.07245874E+0,3.10868788E+0,1.03622937E+0,4.14491749E+0,
462.00,5.13420010E+0,6.16103983E+0,6.16103983E+0,3.08051991E+0,6.16103983E+0,4.10735989E+0,4.10735989E+0,3.08051991E+0,9.24155998E+0,4.10735989E+0,4.10735989E+0,5.13420010E+0,5.13420010E+0,4.10735989E+0,1.02683997E+0,1.02684002E+1,1.02683997E+0,5.13420010E+0,3.08051991E+0,1.02683997E+0,3.08051991E+0,1.02683997E+0,1.12952394E+1,1.02683997E+0,4.10735989E+0,3.08051991E+0,3.08051991E+0,1.02683997E+0,0.00000000E+0,2.05367994E+0,4.10735989E+0,1.02683997E+0,
463.00,3.05418825E+0,5.09031391E+0,0.00000000E+0,4.07225084E+0,3.05418825E+0,7.12643909E+0,3.05418825E+0,8.14450169E+0,1.01806271E+0,3.05418825E+0,5.09031391E+0,5.09031391E+0,2.03612542E+0,2.03612542E+0,8.14450169E+0,3.05418825E+0,2.03612542E+0,6.10837650E+0,2.03612542E+0,3.05418825E+0,6.10837650E+0,2.03612542E+0,5.09031391E+0,2.03612542E+0,4.07225084E+0,6.10837650E+0,0.00000000E+0,7.12643909E+0,2.03612542E+0,3.05418825E+0,4.07225084E+0,2.03612542E+0,
464.00,1.01062655E+0,7.07438564E+0,2.02125311E+0,0.00000000E+0,3.03187966E+0,1.01062655E+0,5.05313253E+0,2.02125311E+0,6.06375933E+0,3.03187966E+0,6.06375933E+0,1.21275187E+1,9.09563923E+0,3.03187966E+0,1.01062655E+0,5.05313253E+0,1.01062655E+0,4.04250622E+0,7.07438564E+0,1.01062655E+0,2.02125311E+0,2.02125311E+0,2.02125311E+0,5.05313253E+0,5.05313253E+0,1.01062655E+0,3.03187966E+0,3.03187966E+0,5.05313253E+0,0.00000000E+0,1.01062655E+0,1.01062655E+0,
465.00,1.00590968E+0,1.00590968E+0,5.02954817E+0,3.01772904E+0,0.00000000E+0,4.02363873E+0,6.03545809E+0,5.02954817E+0,4.02363873E+0,6.03545809E+0,5.02954817E+0,4.02363873E+0,6.03545809E+0,7.04136753E+0,6.03545809E+0,1.00590968E+0,8.04727745E+0,6.03545809E+0,5.02954817E+0,3.01772904E+0,0.00000000E+0,4.02363873E+0,4.02363873E+0,3.01772904E+0,3.01772904E+0,5.02954817E+0,0.00000000E+0,5.02954817E+0,1.00590968E+0,3.01772904E+0,5.02954817E+0,3.01772904E+0,
466.00,5.01689720E+0,3.01013827E+0,3.01013827E+0,3.01013827E+0,6.02027655E+0,2.00675893E+0,3.01013827E+0,9.03041553E+0,8.02703571E+0,8.02703571E+0,1.20405531E+1,1.10371742E+1,6.02027655E+0,6.02027655E+0,9.03041553E+0,2.00675893E+0,3.01013827E+0,9.03041553E+0,0.00000000E+0,7.02365637E+0,4.01351786E+0,4.01351786E+0,9.03041553E+0,7.02365637E+0,6.02027655E+0,2.00675893E+0,2.00675893E+0,0.00000000E+0,2.00675893E+0,3.01013827E+0,5.01689720E+0,0.00000000E+0,
467.00,0.00000000E+0,1.00207615E+0,1.00207615E+0,2.00415230E+0,1.00207615E+0,4.00830460E+0,7.01453257E+0,9.01868534E+0,1.20249128E+1,1.20249128E+1,1.00207605E+1,1.20249128E+1,1.10228367E+1,6.01245642E+0,1.00207605E+1,2.00415211E+1,1.30269890E+1,1.00207605E+1,9.01868534E+0,6.01245642E+0,5.01038027E+0,3.00622821E+0,4.00830460E+0,6.01245642E+0,7.01453257E+0,2.00415230E+0,0.00000000E+0,2.00415230E+0,5.01038027E+0,2.00415230E+0,3.00622821E+0,1.00207615E+0,
468.00,0.00000000E+0,1.00163579E+0,3.00490761E+0,7.01145077E+0,1.10179939E+1,1.90310802E+1,3.30539818E+1,3.40556183E+1,4.20687065E+1,3.90637970E+1,4.50736122E+1,2.70441685E+1,2.80458031E+1,3.10507107E+1,1.70278091E+1,1.70278091E+1,2.00327168E+1,1.30212660E+1,1.30212660E+1,1.70278091E+1,9.01472282E+0,7.01145077E+0,8.01308632E+0,6.00981522E+0,7.01145077E+0,4.00654316E+0,7.01145077E+0,1.00163579E+0,1.00163579E+0,0.00000000E+0,3.00490761E+0,2.00327158E+0,
469.00,2.00138593E+0,2.00138593E+0,5.00346470E+0,2.20152454E+1,7.00485077E+1,2.22153839E+2,6.14425476E+2,1.08975464E+3,1.43699512E+3,1.25586963E+3,6.12424072E+2,2.54176010E+2,1.34092865E+2,5.00346489E+1,2.40166321E+1,2.60180168E+1,2.30159378E+1,1.70117798E+1,1.20083160E+1,2.10145531E+1,5.00346470E+0,9.00623703E+0,1.60110874E+1,1.30090084E+1,1.00069294E+1,2.00138593E+0,5.00346470E+0,4.00277185E+0,4.00277185E+0,1.00069296E+0,2.00138593E+0,4.00277185E+0,
470.00,6.00002289E+0,1.00000381E+0,6.00002289E+0,7.00002670E+0,9.00003433E+0,8.00003052E+0,6.00002289E+0,2.10000801E+1,2.20000839E+1,1.90000725E+1,1.10000420E+1,1.70000648E+1,1.60000610E+1,3.00001144E+1,2.40000916E+1,1.50000572E+1,1.60000610E+1,1.50000572E+1,1.30000496E+1,1.00000381E+1,1.80000687E+1,1.40000534E+1,1.10000420E+1,5.00001907E+0,7.00002670E+0,4.00001526E+0,2.00000763E+0,1.00000381E+0,2.00000763E+0,3.00001144E+0,4.00001526E+0,2.00000763E+0,
471.00,2.00198841E+0,5.00497103E+0,8.00795364E+0,2.00198841E+0,1.10109358E+1,9.00894737E+0,1.20119305E+1,2.90288315E+1,1.90188885E+1,1.50149126E+1,2.50248547E+1,3.40338020E+1,2.60258484E+1,4.00397682E+1,1.90188885E+1,2.50248547E+1,1.90188885E+1,2.40238609E+1,1.30129242E+1,1.60159073E+1,1.70169010E+1,1.30129242E+1,1.30129242E+1,8.00795364E+0,1.30129242E+1,5.00497103E+0,3.00298262E+0,2.00198841E+0,5.00497103E+0,2.00198841E+0,1.00099421E+0,5.00497103E+0,
472.00,5.01215363E+0,8.01944542E+0,1.50364609E+1,1.70413227E+1,1.90461845E+1,2.80680599E+1,2.80680599E+1,5.21263962E+1,7.71871643E+1,5.21263962E+1,6.61604309E+1,4.71142426E+1,5.01215363E+1,4.61118126E+1,3.70899353E+1,4.10996590E+1,4.31045227E+1,3.70899353E+1,3.30802155E+1,2.70656300E+1,1.70413227E+1,2.20534763E+1,1.60388908E+1,1.20291691E+1,1.20291691E+1,9.02187634E+0,1.00243068E+0,4.00972271E+0,3.00729227E+0,1.00243068E+0,1.00243068E+0,2.00486135E+0,
473.00,2.00730848E+0,7.02557993E+0,1.00365429E+1,2.40877018E+1,2.40877018E+1,3.21169357E+1,4.21534805E+1,5.82119484E+1,6.62411804E+1,7.52740707E+1,8.93252258E+1,8.02923431E+1,7.42704163E+1,6.72448349E+1,6.52375259E+1,4.11498260E+1,5.21900215E+1,3.51278992E+1,2.91059742E+1,3.11132813E+1,3.01096268E+1,4.21534805E+1,3.01096268E+1,2.00730858E+1,1.10401964E+1,9.03288841E+0,7.02557993E+0,7.02557993E+0,3.01096272E+0,4.01461697E+0,2.00730848E+0,3.01096272E+0,
474.00,2.01179695E+0,6.03539085E+0,1.00589848E+1,7.04128933E+0,1.30766802E+1,2.91710567E+1,4.82831268E+1,5.23067207E+1,4.92890244E+1,4.42595329E+1,8.55013733E+1,6.03539085E+1,4.12418365E+1,4.12418365E+1,5.23067207E+1,3.31946487E+1,5.33126183E+1,3.62123451E+1,3.72182426E+1,2.71592598E+1,2.61533604E+1,3.52064476E+1,2.21297665E+1,2.01179695E+1,1.50884771E+1,1.00589848E+1,4.02359390E+0,2.01179695E+0,1.00589848E+0,3.01769543E+0,1.00589848E+0,2.01179695E+0,
475.00,3.02648878E+0,7.06180716E+0,4.03531837E+0,1.00882959E+1,1.21059551E+1,3.93443527E+1,5.54856262E+1,8.27240219E+1,1.06935936E+2,1.27112526E+2,7.36445618E+1,6.35562630E+1,4.33796730E+1,3.32913742E+1,5.14503059E+1,4.53973312E+1,2.92560577E+1,3.12737160E+1,4.33796730E+1,2.82472286E+1,3.43002052E+1,2.32030792E+1,1.71501026E+1,2.32030792E+1,8.07063675E+0,5.04414797E+0,6.05297756E+0,0.00000000E+0,1.00882959E+0,2.01765919E+0,4.03531837E+0,1.00882959E+0,
476.00,6.06924200E+0,1.61846447E+1,3.43923721E+1,3.54039116E+1,5.96808815E+1,7.08078232E+1,7.48539886E+1,1.24419464E+2,1.27454086E+2,1.39592575E+2,9.40732498E+1,9.00270920E+1,8.59809265E+1,7.28309021E+1,6.87847443E+1,4.34962349E+1,4.55193138E+1,4.45077744E+1,3.13577499E+1,3.84385338E+1,2.22538872E+1,2.12423477E+1,3.54039116E+1,1.01154032E+1,1.21384840E+1,8.09232235E+0,2.02308059E+0,3.03462100E+0,1.01154029E+0,4.04616117E+0,1.01154029E+0,2.02308059E+0,
477.00,8.10898590E+0,2.22997131E+1,2.43269596E+1,4.96675415E+1,4.45994263E+1,8.21034851E+1,1.04403198E+2,1.57111603E+2,1.71302338E+2,1.37852768E+2,1.18593925E+2,1.05416824E+2,6.99400101E+1,6.68991394E+1,4.66266708E+1,5.98037758E+1,4.56130486E+1,4.86539192E+1,2.83814526E+1,3.24359436E+1,3.04086990E+1,2.63542061E+1,1.72315960E+1,1.72315960E+1,5.06811666E+0,4.05449295E+0,5.06811666E+0,8.10898590E+0,5.06811666E+0,1.01362324E+0,1.01362324E+0,1.01362324E+0,
478.00,3.04643965E+0,1.62476768E+1,1.42167177E+1,1.52321978E+1,3.35108337E+1,4.87430344E+1,4.36656342E+1,7.10835876E+1,6.60061874E+1,5.48359108E+1,5.58513908E+1,5.58513908E+1,5.78823509E+1,6.19442711E+1,4.56965942E+1,3.04643955E+1,3.85882339E+1,2.03095970E+1,2.03095970E+1,2.13250771E+1,1.82786369E+1,1.62476768E+1,1.32012386E+1,1.42167177E+1,1.32012386E+1,1.32012386E+1,3.04643965E+0,8.12383842E+0,0.00000000E+0,0.00000000E+0,1.01547980E+0,1.01547980E+0,
479.00,5.09056616E+0,7.12679243E+0,1.01811323E+1,1.73079243E+1,3.15615101E+1,2.44347172E+1,3.35977364E+1,4.58150940E+1,3.76701889E+1,3.66520767E+1,3.97064171E+1,4.98875465E+1,3.86883011E+1,4.58150940E+1,2.95252838E+1,2.54528313E+1,3.46158485E+1,3.15615101E+1,2.64709435E+1,1.62898121E+1,1.93441505E+1,2.03622646E+1,1.11992455E+1,1.32354717E+1,8.14490604E+0,6.10867929E+0,4.07245302E+0,6.10867929E+0,4.07245302E+0,0.00000000E+0,2.03622651E+0,0.00000000E+0,
480.00,4.08896685E+0,1.22669010E+1,1.63558674E+1,1.84003506E+1,2.96450100E+1,3.68007011E+1,5.41788101E+1,5.11120872E+1,5.21343269E+1,5.52010536E+1,4.70231171E+1,3.98674278E+1,4.90676041E+1,4.29341507E+1,2.65782852E+1,3.37339783E+1,2.96450100E+1,2.45338020E+1,2.76005268E+1,2.76005268E+1,2.14670753E+1,1.53336258E+1,2.35115585E+1,2.14670753E+1,9.20017529E+0,8.17793369E+0,8.17793369E+0,3.06672525E+0,0.00000000E+0,2.04448342E+0,2.04448342E+0,0.00000000E+0,
481.00,1.02696543E+1,3.49168243E+1,3.90246849E+1,8.21572342E+1,6.98336487E+1,9.96156464E+1,9.34538574E+1,8.93459930E+1,7.80493698E+1,1.04750473E+2,9.03729553E+1,9.13999252E+1,5.23752365E+1,6.36718559E+1,4.21055832E+1,4.72404099E+1,3.90246849E+1,4.21055832E+1,3.69707565E+1,2.56741352E+1,3.08089638E+1,1.95123425E+1,2.25932388E+1,2.77280674E+1,1.23235855E+1,1.43775158E+1,8.21572304E+0,9.24268913E+0,4.10786152E+0,3.08089638E+0,4.10786152E+0,4.10786152E+0,
482.00,6.19333000E+1,9.90932770E+1,1.05286613E+2,1.26963264E+2,1.42446594E+2,1.35221039E+2,8.15455093E+1,1.33156601E+2,1.19737717E+2,1.01157722E+2,1.09415497E+2,6.91588516E+1,7.74166260E+1,7.43199615E+1,6.09010773E+1,4.64499741E+1,4.02566452E+1,2.58055420E+1,3.40633163E+1,3.50955353E+1,3.81922035E+1,2.47733192E+1,2.37410984E+1,3.40633163E+1,1.44511032E+1,1.03222170E+1,9.28999519E+0,1.03222167E+0,5.16110849E+0,4.12888670E+0,5.16110849E+0,2.06444335E+0,
483.00,5.18761492E+0,1.14127531E+1,1.03752298E+1,1.66003685E+1,2.17879829E+1,2.07504597E+1,2.90506439E+1,3.73508301E+1,3.42382584E+1,3.21632118E+1,3.52757835E+1,3.52757835E+1,3.83883514E+1,3.42382584E+1,3.52757835E+1,3.11256905E+1,3.32007370E+1,4.35759659E+1,3.21632118E+1,1.66003685E+1,2.59380760E+1,2.80131207E+1,2.38630295E+1,3.32007370E+1,1.86754150E+1,1.97129364E+1,1.86754150E+1,1.97129364E+1,1.24502764E+1,5.18761492E+0,2.07504606E+0,2.07504606E+0,
484.00,1.45889788E+1,9.37862873E+0,1.56310482E+1,1.56310482E+1,2.81358871E+1,2.08413982E+1,2.29255371E+1,2.91779575E+1,2.91779575E+1,3.33462372E+1,3.54303780E+1,3.43883057E+1,2.50096779E+1,2.29255371E+1,2.81358871E+1,2.39676075E+1,2.50096779E+1,3.85565872E+1,3.75145149E+1,2.39676075E+1,2.29255371E+1,2.81358871E+1,2.50096779E+1,3.64724464E+1,2.91779575E+1,2.29255371E+1,2.70938168E+1,8.33655930E+0,7.29448938E+0,8.33655930E+0,1.04206991E+0,2.08413982E+0,
485.00,1.15130758E+1,1.04664326E+1,1.25597191E+1,1.46530056E+1,1.77929344E+1,2.30261517E+1,2.19795074E+1,2.40727940E+1,3.03526535E+1,2.09328651E+1,2.82593670E+1,1.88395786E+1,1.77929344E+1,2.09328651E+1,2.09328651E+1,2.19795074E+1,1.88395786E+1,3.55858688E+1,2.61660805E+1,2.61660805E+1,2.93060112E+1,3.34925842E+1,3.45392265E+1,4.08190880E+1,3.24459419E+1,2.51194382E+1,1.67462921E+1,2.30261517E+1,9.41978931E+0,6.27985954E+0,2.09328651E+0,0.00000000E+0,
486.00,1.15808182E+1,1.36864214E+1,2.21088333E+1,1.78976269E+1,2.21088333E+1,2.00032310E+1,2.10560322E+1,2.94784451E+1,4.10592613E+1,3.57952538E+1,3.15840492E+1,2.10560322E+1,2.63200397E+1,3.47424545E+1,2.00032310E+1,2.52672386E+1,3.15840492E+1,2.94784451E+1,2.94784451E+1,3.89536591E+1,3.15840492E+1,4.42176666E+1,5.05344772E+1,4.63232727E+1,4.73760719E+1,4.63232727E+1,3.15840492E+1,2.21088333E+1,5.26400805E+0,3.15840483E+0,9.47521496E+0,3.15840483E+0,
487.00,1.48480434E+1,3.49989586E+1,3.81806831E+1,2.86355133E+1,2.86355133E+1,4.66652794E+1,4.03018341E+1,6.15133247E+1,5.09075775E+1,4.24229813E+1,4.77258530E+1,4.03018341E+1,3.07566624E+1,4.13624077E+1,3.28778114E+1,3.81806831E+1,4.03018341E+1,5.09075775E+1,3.81806831E+1,5.09075775E+1,5.51498756E+1,6.78767700E+1,5.40893021E+1,6.15133247E+1,8.37853928E+1,5.51498756E+1,5.83316002E+1,3.39383850E+1,3.49989586E+1,1.37874689E+1,6.36344719E+0,5.30287266E+0,
488.00,2.02836647E+1,1.70809803E+1,3.73646469E+1,3.30944023E+1,3.73646469E+1,3.94997673E+1,3.84322090E+1,4.80402603E+1,5.76483116E+1,6.29861183E+1,4.80402603E+1,3.94997673E+1,4.27024536E+1,4.16348915E+1,4.05673294E+1,3.94997673E+1,5.23105049E+1,4.48375740E+1,7.25941696E+1,7.57968521E+1,8.64724655E+1,8.86075897E+1,9.18102722E+1,1.01418327E+2,1.01418327E+2,7.25941696E+1,6.72563629E+1,4.05673294E+1,2.34863491E+1,1.38782969E+1,9.60805225E+0,8.54049015E+0,
489.00,7.50835800E+0,6.43573570E+0,9.65360355E+0,6.43573570E+0,1.71619606E+1,1.60893383E+1,3.53965454E+1,3.75417900E+1,6.54299774E+1,5.47037506E+1,4.39775276E+1,4.18322792E+1,4.39775276E+1,2.68155651E+1,6.00668640E+1,4.07596588E+1,6.75752258E+1,6.75752258E+1,6.43573532E+1,9.22455444E+1,9.33181686E+1,1.16915863E+2,1.35150452E+2,1.57675522E+2,1.41586182E+2,9.76086578E+1,9.01002960E+1,5.04132614E+1,2.78881874E+1,1.50167160E+1,6.43573570E+0,3.21786785E+0,
490.00,5.38007164E+0,1.07601433E+1,8.60811424E+0,1.82922440E+1,2.25963001E+1,3.01284008E+1,3.76604996E+1,4.30405731E+1,9.57652740E+1,6.88649139E+1,4.84206429E+1,4.84206429E+1,4.30405731E+1,6.13328133E+1,6.34848442E+1,6.45608597E+1,8.28531036E+1,1.00069328E+2,1.01145348E+2,1.31273743E+2,1.40957870E+2,1.42033890E+2,1.63554169E+2,1.86150467E+2,1.83998444E+2,1.36653809E+2,8.60811462E+1,6.88649139E+1,3.98125305E+1,2.58243427E+1,5.38007164E+0,8.60811424E+0,
491.00,3.02110825E+1,5.07114601E+1,4.74745560E+1,4.20797195E+1,6.90539017E+1,6.58170013E+1,8.09225388E+1,1.21923294E+2,1.31634003E+2,1.43502640E+2,1.51055405E+2,1.54292313E+2,1.89898224E+2,2.33056915E+2,2.85926300E+2,3.17216370E+2,3.60375031E+2,4.30507904E+2,4.63955902E+2,5.18983215E+2,4.99561829E+2,5.82642273E+2,6.24721985E+2,5.81563293E+2,5.61062927E+2,4.53166229E+2,3.18295319E+2,2.12556534E+2,1.41344696E+2,4.63955879E+1,2.80531464E+1,1.61845074E+1,
492.00,2.81602345E+1,2.59940624E+1,3.46587524E+1,4.11572647E+1,3.03264065E+1,4.00741806E+1,5.09050407E+1,5.52373848E+1,6.17359009E+1,8.33976212E+1,7.90652771E+1,1.03976250E+2,1.11557854E+2,1.76543015E+2,1.94955475E+2,2.28531143E+2,2.78353088E+2,2.90267029E+2,3.61750702E+2,4.01824890E+2,4.25652771E+2,4.49480682E+2,5.18798157E+2,4.66810059E+2,4.80890167E+2,4.70059296E+2,3.50919861E+2,2.19866455E+2,1.03976250E+2,5.30712128E+1,2.05786324E+1,1.08308592E+1,
493.00,6.31452370E+1,1.01250122E+2,1.27379189E+2,1.20846916E+2,1.74193756E+2,1.50242111E+2,1.50242111E+2,1.38266296E+2,1.98145401E+2,2.62379333E+2,3.10282623E+2,3.82137543E+2,4.95363495E+2,6.03145874E+2,7.32702515E+2,9.39557556E+2,9.52622131E+2,1.12246106E+3,1.17254175E+3,1.34129199E+3,1.49153406E+3,1.51439697E+3,1.63633264E+3,1.53181641E+3,1.49915503E+3,1.34564673E+3,9.17783386E+2,5.99879761E+2,3.11371338E+2,1.60040512E+2,8.81855927E+1,2.83064861E+1,
494.00,1.64352646E+1,2.84877911E+1,2.41050529E+1,4.05403175E+1,2.84877911E+1,3.28705292E+1,5.69755821E+1,8.43676910E+1,1.04090004E+2,9.31331635E+1,1.12855476E+2,1.26003693E+2,1.77500854E+2,2.02701584E+2,2.66251282E+2,2.80495178E+2,4.11977295E+2,4.28412537E+2,4.40465057E+2,5.81808350E+2,6.44262329E+2,6.48645081E+2,7.58213501E+2,7.52735107E+2,7.33012756E+2,6.07009094E+2,4.41560760E+2,2.65155579E+2,1.63256958E+2,8.54633713E+1,3.28705292E+1,1.97223167E+1,
495.00,7.17223358E+1,6.39983902E+1,9.26873245E+1,9.37907486E+1,1.10342056E+2,1.30203629E+2,1.39030991E+2,1.83167816E+2,1.98615692E+2,2.30614899E+2,2.04132797E+2,2.58200409E+2,3.03440643E+2,3.61921936E+2,4.00541656E+2,4.19299805E+2,6.04674438E+2,6.26742859E+2,7.19430176E+2,7.79014893E+2,8.75012512E+2,8.62874878E+2,1.06700769E+3,9.42321167E+2,9.79837463E+2,7.90049133E+2,6.45501038E+2,4.00541656E+2,2.11856750E+2,1.16962578E+2,5.07573471E+1,2.31718311E+1,
496.00,8.22536621E+1,1.11153595E+2,1.45611206E+2,1.87849579E+2,1.88961121E+2,1.62284256E+2,1.97853409E+2,2.82330139E+2,3.39018463E+2,3.37906921E+2,3.99041412E+2,3.96818329E+2,5.80221802E+2,6.53583130E+2,8.13644348E+2,1.00594006E+3,1.10820142E+3,1.23491650E+3,1.49835046E+3,1.54392346E+3,1.74066528E+3,1.86515735E+3,1.97853406E+3,1.88961108E+3,1.88738806E+3,1.57393494E+3,1.17489355E+3,7.42506042E+2,4.07933685E+2,2.17861053E+2,9.78151627E+1,5.11306534E+1,
497.00,1.00811554E+2,1.20973869E+2,1.36655670E+2,1.55697845E+2,1.51217331E+2,2.03863373E+2,3.09155426E+2,4.83895477E+2,5.24220093E+2,4.65973419E+2,3.94285187E+2,3.57320953E+2,4.14447510E+2,4.71574066E+2,5.57823975E+2,6.00388794E+2,7.10161377E+2,8.35615784E+2,8.53537842E+2,9.45388367E+2,1.04619995E+3,1.13581018E+3,1.17837512E+3,1.12796936E+3,1.10220630E+3,8.62498840E+2,6.65356262E+2,4.14447510E+2,2.46428253E+2,1.22093994E+2,5.37661629E+1,2.57629528E+1,
498.00,3.94416084E+1,3.83147049E+1,7.66294098E+1,7.09948959E+1,5.07106400E+1,7.09948959E+1,7.43756027E+1,8.33908310E+1,1.05928894E+2,1.28466949E+2,1.43116699E+2,1.53258820E+2,1.85939011E+2,2.15238495E+2,2.56933899E+2,2.97502411E+2,3.53847565E+2,3.54974487E+2,4.68791687E+2,4.90202850E+2,5.51055603E+2,5.92751038E+2,6.13035278E+2,6.15289063E+2,6.06273865E+2,5.33025146E+2,3.60608978E+2,2.56933899E+2,1.22832436E+2,8.45177307E+1,2.59187717E+1,1.69035473E+1,
499.00,6.79504919E+0,1.69876232E+1,2.03851471E+1,2.03851471E+1,2.49151802E+1,1.92526379E+1,5.09628677E+1,6.45529633E+1,8.60706177E+1,7.02155075E+1,7.13480148E+1,5.88904228E+1,8.60706177E+1,9.06006546E+1,9.51306839E+1,1.32503448E+2,1.48358566E+2,1.59683655E+2,2.21971603E+2,2.41224243E+2,2.75199493E+2,2.67271912E+2,3.43149963E+2,3.57872589E+2,3.22764832E+2,2.86524567E+2,1.99321442E+2,1.50623581E+2,6.00229340E+1,3.62402611E+1,2.49151802E+1,7.92755699E+0,
500.00,4.55407190E+0,4.55407190E+0,1.36622162E+1,1.02466621E+1,1.70777702E+1,2.27703590E+1,3.64325752E+1,5.46488647E+1,5.69258995E+1,6.60340424E+1,6.26184883E+1,3.64325752E+1,5.57873802E+1,6.48955231E+1,8.31118164E+1,1.00189583E+2,1.12713280E+2,1.22959946E+2,1.78747330E+2,1.60531036E+2,1.77608810E+2,2.17456940E+2,2.10625824E+2,1.79885849E+2,2.11764343E+2,1.61669556E+2,1.34345123E+2,8.31118164E+1,5.00947914E+1,3.30170212E+1,1.59392519E+1,6.83110809E+0,
501.00,1.03046160E+1,4.57982922E+0,1.48844452E+1,1.14495726E+1,1.37394876E+1,1.71743584E+1,3.09138470E+1,2.63340168E+1,3.77835922E+1,4.23634186E+1,3.77835922E+1,2.63340168E+1,4.12184639E+1,4.57982903E+1,5.03781204E+1,5.49579506E+1,7.44222260E+1,9.04516220E+1,1.15640686E+2,1.14495728E+2,1.14495728E+2,1.40829742E+2,1.68308716E+2,1.62583939E+2,1.41974701E+2,1.09915901E+2,8.24369278E+1,7.09873505E+1,3.89285469E+1,2.97688904E+1,1.83193169E+1,4.57982922E+0,
502.00,3.45322227E+0,8.05751896E+0,1.03596668E+1,1.15107412E+1,1.26618156E+1,1.38128891E+1,1.95682602E+1,2.41725559E+1,3.33811493E+1,2.64747047E+1,2.30214825E+1,4.37408180E+1,2.76257782E+1,2.53236313E+1,4.25897408E+1,4.83451118E+1,5.98558540E+1,7.25176697E+1,7.02155228E+1,7.02155228E+1,9.09348526E+1,1.05898819E+2,1.23164932E+2,1.26618149E+2,1.32373520E+2,9.78413010E+1,9.78413010E+1,5.17983360E+1,2.64747047E+1,1.95682602E+1,9.20859337E+0,5.75537062E+0,
503.00,1.15645390E+1,1.04080849E+1,1.73468094E+1,1.38774471E+1,9.25163174E+0,2.31290793E+0,1.50339012E+1,9.25163174E+0,1.61903553E+1,1.27209930E+1,1.73468094E+1,1.38774471E+1,2.19726238E+1,1.96597176E+1,5.20404282E+1,4.27887955E+1,4.04758873E+1,5.20404282E+1,5.43533363E+1,7.05436859E+1,7.63259583E+1,7.74824142E+1,7.97953186E+1,1.13332481E+2,9.36727676E+1,6.70743256E+1,6.93872375E+1,4.04758873E+1,1.61903553E+1,1.04080849E+1,6.93872356E+0,5.78226948E+0,
504.00,2.32279587E+0,8.12978554E+0,5.80698967E+0,9.29118347E+0,1.39367743E+1,6.96838713E+0,3.48419356E+0,1.62595711E+1,2.09051628E+1,1.85823669E+1,1.85823669E+1,1.62595711E+1,2.20665607E+1,3.71647339E+1,2.09051628E+1,4.06489258E+1,4.76173134E+1,4.06489258E+1,5.69084969E+1,6.73610764E+1,6.15540886E+1,7.66522598E+1,1.14978394E+2,9.87188187E+1,9.75574265E+1,7.78136597E+1,5.45857010E+1,3.01963444E+1,3.36805382E+1,1.04525814E+1,8.12978554E+0,9.29118347E+0,
505.00,5.82890844E+0,5.82890844E+0,1.16578169E+1,6.99468994E+0,1.51551619E+1,1.16578169E+1,1.98182888E+1,1.16578169E+1,2.44814148E+1,1.51551619E+1,2.21498508E+1,2.56471958E+1,2.79787598E+1,2.79787598E+1,3.38076668E+1,4.31339226E+1,3.96365776E+1,4.31339226E+1,4.31339226E+1,6.41179886E+1,6.76153336E+1,5.94548645E+1,9.09309692E+1,7.46100235E+1,7.57758102E+1,6.99468994E+1,6.06206474E+1,4.31339226E+1,1.98182888E+1,5.82890844E+0,2.33156323E+0,5.82890844E+0,
506.00,5.85737562E+0,9.37180042E+0,9.37180042E+0,8.20032597E+0,9.37180042E+0,1.05432758E+1,2.34295025E+1,2.69439278E+1,1.28862257E+1,1.75721264E+1,1.64006519E+1,2.22580261E+1,2.81154022E+1,2.92868767E+1,3.16298275E+1,3.74872017E+1,3.74872017E+1,6.32596550E+1,5.38878555E+1,5.74022789E+1,6.91170273E+1,7.02885056E+1,6.91170273E+1,7.02885056E+1,7.73173523E+1,5.97452278E+1,5.85737534E+1,2.22580261E+1,1.75721264E+1,7.02885056E+0,7.02885056E+0,1.17147505E+0,
507.00,1.17957723E+0,7.07746363E+0,5.89788628E+0,1.29753504E+1,4.71830893E+0,8.25704098E+0,7.07746363E+0,1.76936588E+1,2.00528145E+1,2.00528145E+1,2.00528145E+1,1.65140820E+1,2.24119682E+1,2.12323914E+1,2.71302776E+1,3.53873177E+1,4.95422440E+1,5.66197090E+1,5.89788628E+1,3.89260483E+1,6.60563278E+1,6.25175972E+1,7.90316772E+1,8.37499847E+1,5.54401321E+1,5.19014015E+1,4.24647827E+1,2.71302776E+1,1.65140820E+1,1.06161957E+1,5.89788628E+0,2.35915446E+0,
508.00,2.37768841E+0,0.00000000E+0,1.06995983E+1,8.32190990E+0,7.13306522E+0,1.06995983E+1,1.18884420E+1,1.54549751E+1,5.94422102E+0,1.42661304E+1,1.54549751E+1,2.49657288E+1,2.37768841E+1,2.85322609E+1,3.56653290E+1,5.34979897E+1,4.63649254E+1,4.99314575E+1,5.70645218E+1,6.89529648E+1,6.65752792E+1,5.34979897E+1,6.06310577E+1,8.08414078E+1,8.08414078E+1,4.99314575E+1,5.23091469E+1,2.02103519E+1,1.42661304E+1,4.75537682E+0,7.13306522E+0,4.75537682E+0,
509.00,3.59167385E+0,1.31694708E+1,5.98612309E+0,1.19722462E+1,8.38057232E+0,5.98612309E+0,1.07750216E+1,1.19722462E+1,1.79583683E+1,2.03528175E+1,3.23250656E+1,1.55639200E+1,2.27472668E+1,2.39444923E+1,4.54945335E+1,4.42973099E+1,5.50723305E+1,5.26778831E+1,5.26778831E+1,7.30307007E+1,7.06362534E+1,7.66223755E+1,1.00566864E+2,7.78196030E+1,6.94390259E+1,7.90168228E+1,5.02834320E+1,2.15500431E+1,2.87333908E+1,1.07750216E+1,2.39444923E+0,4.78889847E+0,
510.00,1.32506104E+1,1.44552116E+1,8.43220711E+0,1.56598129E+1,1.92736149E+1,1.68644142E+1,2.89104233E+1,3.73426285E+1,4.33656349E+1,4.69794388E+1,4.33656349E+1,7.95036621E+1,6.38438492E+1,7.46852570E+1,9.87772751E+1,1.20460098E+2,9.75726776E+1,1.38529114E+2,9.75726776E+1,1.24073898E+2,1.55393524E+2,1.65030334E+2,1.69848740E+2,1.25278503E+2,1.16846291E+2,1.32506104E+2,8.31174698E+1,4.21610336E+1,2.77058220E+1,1.80690136E+1,7.22760582E+0,1.08414087E+1,
511.00,1.09100685E+1,2.42445965E+1,2.90935154E+1,3.27302055E+1,2.42445965E+1,4.00035858E+1,4.60647354E+1,5.45503426E+1,7.87949371E+1,7.51582489E+1,1.00615074E+2,1.52740952E+2,1.32133057E+2,1.51528732E+2,1.87895630E+2,1.86683395E+2,2.13352448E+2,1.85471161E+2,2.12140213E+2,2.49719345E+2,2.54568268E+2,2.41233734E+2,2.41233734E+2,2.18201370E+2,1.98805695E+2,1.67287720E+2,1.36981964E+2,7.15215607E+1,5.33381119E+1,2.30323677E+1,1.33345280E+1,9.69783878E+0,
512.00,6.09839678E+0,9.75743484E+0,9.75743484E+0,1.34164724E+1,2.92723045E+1,3.53707008E+1,9.14759521E+1,1.63437027E+2,2.15883240E+2,2.28080032E+2,1.51240234E+2,2.15883240E+2,2.12224197E+2,2.48814575E+2,2.34178436E+2,2.46375229E+2,2.73208160E+2,2.62231049E+2,2.80526245E+2,3.26874054E+2,2.91503357E+2,3.52487335E+2,3.24434692E+2,2.87844330E+2,2.89063995E+2,2.37837463E+2,1.67096069E+2,1.01233383E+2,6.34233246E+1,2.80526237E+1,1.95148697E+1,8.53775501E+0,
513.00,2.20747185E+1,1.22637320E+1,1.47164783E+1,2.82065830E+1,3.55648232E+1,4.66021805E+1,7.84878845E+1,1.34901047E+2,1.88861481E+2,2.31784531E+2,2.37916397E+2,2.93103210E+2,2.85744965E+2,3.38479004E+2,3.51969116E+2,3.54421844E+2,4.52531708E+2,4.09608643E+2,5.02813019E+2,4.84417419E+2,4.51305328E+2,4.94228394E+2,5.26114136E+2,5.01586639E+2,4.40267975E+2,3.63006470E+2,2.42821899E+2,1.38580170E+2,5.27340469E+1,4.41494370E+1,1.59428520E+1,1.10373592E+1,
514.00,1.35645838E+1,1.60308723E+1,1.35645838E+1,3.08285999E+1,5.54914780E+1,1.35645844E+2,2.70058533E+2,4.26667816E+2,5.79577637E+2,5.37650757E+2,4.46398132E+2,4.42698700E+2,4.11870087E+2,5.15454163E+2,4.88325012E+2,5.51215332E+2,5.68479370E+2,5.88209656E+2,6.22737732E+2,6.28903442E+2,6.28903442E+2,6.67130859E+2,7.05358337E+2,6.12872559E+2,5.91909119E+2,5.36417603E+2,3.04586548E+2,2.02235611E+2,1.13449249E+2,5.05589027E+1,2.21965923E+1,2.58960228E+1,
515.00,7.44133472E+0,1.11620026E+1,1.86033363E+1,3.47262306E+1,6.82122345E+1,1.14100464E+2,2.21999817E+2,3.57184082E+2,4.48960541E+2,6.20111206E+2,7.83820618E+2,9.16524414E+2,9.90937744E+2,1.14472534E+3,1.16952979E+3,1.31091516E+3,1.32331738E+3,1.40889270E+3,1.41385364E+3,1.38160779E+3,1.36300452E+3,1.42253516E+3,1.36672510E+3,1.29107153E+3,1.16704932E+3,9.68613770E+2,6.42435242E+2,3.85709198E+2,1.98435593E+2,1.05418907E+2,4.71284523E+1,2.60446720E+1,
516.00,0.00000000E+0,3.73926592E+0,1.37106419E+1,1.86963291E+1,2.86677055E+1,6.73067856E+1,1.76991913E+2,2.39313019E+2,3.51490997E+2,4.91090240E+2,5.53411377E+2,7.21678345E+2,8.05188599E+2,1.00461609E+3,1.06693726E+3,1.10931555E+3,1.24268274E+3,1.37231055E+3,1.28381458E+3,1.38726770E+3,1.43961731E+3,1.42092102E+3,1.46080652E+3,1.46828503E+3,1.26013257E+3,1.00336969E+3,7.46606750E+2,4.86104553E+2,2.44298706E+2,1.15917244E+2,4.61176109E+1,2.99141273E+1,
517.00,2.50365567E+0,1.00146227E+1,1.25182781E+1,2.25329018E+1,3.88066635E+1,7.51096725E+1,1.27686440E+2,2.64135681E+2,3.73044708E+2,4.69435455E+2,6.02129211E+2,6.86001648E+2,8.18695435E+2,1.01272876E+3,9.77677551E+2,1.11663049E+3,1.26810156E+3,1.18548096E+3,1.26184253E+3,1.30064917E+3,1.27686438E+3,1.25808704E+3,1.33695215E+3,1.24556873E+3,1.21302124E+3,8.95056946E+2,6.53454163E+2,3.80555664E+2,2.35343643E+2,1.08909027E+2,4.13103180E+1,2.75402126E+1,
518.00,6.28588820E+0,3.77153301E+0,1.63433094E+1,4.02296867E+1,1.04345749E+2,2.17491745E+2,3.54524109E+2,5.97159424E+2,8.41051880E+2,1.14151733E+3,1.37283801E+3,1.47844092E+3,1.77890637E+3,2.10074390E+3,2.20760400E+3,2.37732300E+3,2.42258130E+3,2.41503833E+3,2.53321313E+3,2.67150269E+3,2.49926929E+3,2.53321313E+3,2.44395337E+3,2.34589355E+3,2.19126074E+3,1.71730469E+3,1.25592053E+3,7.49277893E+2,3.30637726E+2,1.82290771E+2,7.92021942E+1,3.39437981E+1,
519.00,8.85052490E+0,1.01148863E+1,2.02297726E+1,5.05744286E+1,1.12528107E+2,2.25056213E+2,4.18503387E+2,7.00455872E+2,1.04562634E+3,1.38573938E+3,1.67654236E+3,2.07481592E+3,2.41872217E+3,2.55527295E+3,2.80182349E+3,3.08377588E+3,3.12929272E+3,3.17986719E+3,3.26078638E+3,3.42894629E+3,3.31641821E+3,3.32653320E+3,3.47825635E+3,3.07745410E+3,2.84734033E+3,2.18102222E+3,1.56022119E+3,9.81143921E+2,5.05744293E+2,2.47814697E+2,1.06206299E+2,7.58616409E+1,
520.00,1.27239752E+0,1.01791801E+1,2.54479504E+1,6.74370651E+1,1.47598114E+2,3.16826965E+2,5.73851257E+2,8.88133423E+2,1.26858032E+3,1.68592664E+3,2.13762769E+3,2.57533252E+3,2.83871875E+3,3.16445264E+3,3.59961255E+3,3.67213916E+3,3.76756885E+3,4.08439600E+3,4.08694067E+3,4.15565039E+3,4.16328467E+3,4.04240674E+3,3.95333887E+3,3.84900244E+3,3.42529395E+3,2.79418481E+3,1.84879358E+3,1.11334778E+3,5.54765320E+2,2.92651428E+2,1.48870499E+2,5.34406929E+1,
521.00,5.11834764E+0,1.15162821E+1,5.50222359E+1,1.65066711E+2,4.33779938E+2,6.99934021E+2,1.23864001E+3,2.00255347E+3,2.79717676E+3,3.67881226E+3,4.44400537E+3,5.22199414E+3,5.87202393E+3,6.25334082E+3,6.43504248E+3,6.85602637E+3,7.06715820E+3,6.92384424E+3,7.28596777E+3,7.04796436E+3,7.12218018E+3,6.90337109E+3,6.90465088E+3,6.55916211E+3,5.68520459E+3,4.33652002E+3,3.10427759E+3,1.87971313E+3,9.95518555E+2,4.60651276E+2,2.21368530E+2,9.08506699E+1,
522.00,6.43387222E+0,2.18751659E+1,7.46329193E+1,2.89524261E+2,7.00005310E+2,1.24688440E+3,2.12446460E+3,3.16675195E+3,4.67999854E+3,5.91272852E+3,7.27799609E+3,8.64455078E+3,9.37801172E+3,1.03122100E+4,1.09144209E+4,1.12567031E+4,1.13442031E+4,1.15861172E+4,1.20171865E+4,1.19927373E+4,1.15192051E+4,1.14111152E+4,1.11074365E+4,1.05978740E+4,9.42047559E+3,7.48516699E+3,5.40059229E+3,3.24267163E+3,1.59688708E+3,8.69859497E+2,3.71877808E+2,1.53126160E+2,
523.00,5.17823601E+0,3.62476540E+1,1.47579727E+2,4.89343323E+2,1.02787988E+3,2.01433386E+3,3.31666040E+3,5.28050635E+3,7.23917432E+3,9.58232617E+3,1.14257783E+4,1.34905996E+4,1.50699619E+4,1.60421758E+4,1.71334883E+4,1.72577676E+4,1.79995488E+4,1.79840137E+4,1.82675234E+4,1.82481035E+4,1.75852910E+4,1.76241270E+4,1.68396250E+4,1.60848965E+4,1.41547090E+4,1.11836953E+4,8.03144434E+3,4.80669775E+3,2.38328320E+3,1.22853650E+3,4.98405243E+2,2.75741089E+2,
524.00,8.33096313E+1,5.31098877E+2,2.03978418E+3,6.11805078E+3,1.31707314E+4,2.39176738E+4,3.94666367E+4,5.73456641E+4,7.76732109E+4,9.85995469E+4,1.15927953E+5,1.30183008E+5,1.41565188E+5,1.47758734E+5,1.51541516E+5,1.52189766E+5,1.50276250E+5,1.45057688E+5,1.44435469E+5,1.38033641E+5,1.28182281E+5,1.21090547E+5,1.12620297E+5,1.02038672E+5,8.92337266E+4,7.07337813E+4,4.97449609E+4,2.90451211E+4,1.52821104E+4,7.26095508E+3,3.10588721E+3,1.34857458E+3,
525.00,1.62393387E+2,9.33761963E+2,3.36573389E+3,8.84912988E+3,1.82967578E+4,3.17060000E+4,4.85752695E+4,6.68144063E+4,8.55826250E+4,1.02907641E+5,1.16561781E+5,1.26116805E+5,1.32620391E+5,1.36517844E+5,1.35534313E+5,1.34427672E+5,1.29743148E+5,1.24868727E+5,1.22338539E+5,1.16132227E+5,1.08087203E+5,1.02221398E+5,9.62626094E+4,8.65831797E+4,7.62371484E+4,6.04234375E+4,4.32162852E+4,2.52220508E+4,1.36436641E+4,6.51930859E+3,2.65984668E+3,1.18390015E+3,
526.00,1.71263828E+1,1.01440887E+2,3.92589417E+2,1.07896216E+3,2.47278638E+3,4.19991602E+3,6.92432861E+3,9.91354102E+3,1.34916377E+4,1.73780098E+4,2.05095020E+4,2.39808887E+4,2.57001152E+4,2.77183926E+4,2.88250215E+4,3.01898613E+4,3.02886680E+4,3.08854570E+4,3.14980547E+4,3.10554023E+4,2.97814629E+4,2.94033652E+4,2.87604668E+4,2.70636387E+4,2.39980156E+4,1.90050156E+4,1.34297197E+4,8.18772852E+3,4.24075586E+3,2.09600586E+3,8.43145020E+2,4.16302856E+2,
527.00,4.10788956E+1,1.20586433E+2,5.44626648E+2,1.19393823E+3,2.84371973E+3,5.00764990E+3,8.09121729E+3,1.18479482E+4,1.61095527E+4,1.98066543E+4,2.37330000E+4,2.63806016E+4,2.88055820E+4,3.04964414E+4,3.13604238E+4,3.22495840E+4,3.20600898E+4,3.21077949E+4,3.26285703E+4,3.08515762E+4,2.99849434E+4,2.94827207E+4,2.85617578E+4,2.63978281E+4,2.33831680E+4,1.86365684E+4,1.29835811E+4,7.59164502E+3,3.92767236E+3,1.98238806E+3,8.50730652E+2,4.02838196E+2,
528.00,1.58652588E+2,7.22602539E+2,2.08114868E+3,5.13021143E+3,9.72446973E+3,1.57252705E+4,2.30406211E+4,3.10479102E+4,3.91058633E+4,4.72144766E+4,5.21793672E+4,5.60910195E+4,5.95013828E+4,6.05319609E+4,6.08239336E+4,6.04506328E+4,5.94187266E+4,5.82001680E+4,5.71602578E+4,5.47071445E+4,5.16087539E+4,4.97222539E+4,4.70931523E+4,4.32614922E+4,3.78993008E+4,2.98160195E+4,2.05715078E+4,1.22695771E+4,6.19145020E+3,3.01839868E+3,1.36787854E+3,6.05279602E+2,
529.00,7.17522583E+2,3.21074585E+3,9.34254590E+3,2.04460410E+4,3.77913086E+4,5.81448086E+4,8.23796406E+4,1.04557117E+5,1.25950023E+5,1.42800406E+5,1.54186875E+5,1.60435359E+5,1.62259344E+5,1.61482813E+5,1.56313969E+5,1.50619391E+5,1.43174594E+5,1.33504797E+5,1.28354727E+5,1.18238328E+5,1.08563180E+5,1.00532289E+5,9.24450703E+4,8.31213047E+4,7.07665000E+4,5.45947500E+4,3.80300391E+4,2.16222402E+4,1.11879873E+4,5.30430225E+3,2.14183838E+3,1.06890747E+3,
530.00,9.98894501E+1,4.99447235E+2,1.65762488E+3,4.37218799E+3,8.86046387E+3,1.45973584E+4,2.15977188E+4,2.91596211E+4,3.71615742E+4,4.42402266E+4,4.99433750E+4,5.42966641E+4,5.70719727E+4,5.89307266E+4,5.86877500E+4,5.85932617E+4,5.66737656E+4,5.48298594E+4,5.38701094E+4,5.08855742E+4,4.79347891E+4,4.55563398E+4,4.29362656E+4,3.95494727E+4,3.37599336E+4,2.63802637E+4,1.81960781E+4,1.06841211E+4,5.59245947E+3,2.74021069E+3,1.13118054E+3,4.98097382E+2,
531.00,5.84083786E+1,2.78458557E+2,9.46759094E+2,2.36757690E+3,4.76503711E+3,7.83079785E+3,1.15404092E+4,1.60297041E+4,2.02731406E+4,2.42150273E+4,2.74695957E+4,2.98521152E+4,3.20757090E+4,3.33199414E+4,3.34095938E+4,3.36608828E+4,3.30211094E+4,3.21218926E+4,3.16627754E+4,3.05788242E+4,2.88170645E+4,2.79409395E+4,2.67496797E+4,2.48846855E+4,2.14087090E+4,1.67577715E+4,1.17550254E+4,6.73462207E+3,3.50586108E+3,1.69791797E+3,7.49800598E+2,3.78975311E+2,
532.00,6.83323898E+1,1.84497452E+2,5.95858459E+2,1.44181348E+3,2.90002661E+3,4.58510352E+3,6.85920557E+3,9.49000293E+3,1.21276328E+4,1.50508926E+4,1.71541641E+4,1.87709082E+4,1.99530586E+4,2.11406758E+4,2.16490684E+4,2.21150957E+4,2.14727715E+4,2.14960039E+4,2.13866719E+4,2.08031133E+4,1.99380254E+4,1.96920293E+4,1.88611074E+4,1.74315938E+4,1.54157871E+4,1.21604326E+4,8.44041699E+3,4.92813184E+3,2.43946631E+3,1.22451648E+3,5.75358704E+2,2.32330124E+2,
533.00,3.28439758E+2,1.36048267E+3,4.04022144E+3,8.63288086E+3,1.55768398E+4,2.35019961E+4,3.25773770E+4,4.03761055E+4,4.84373086E+4,5.53771445E+4,5.96482344E+4,6.19129570E+4,6.29903516E+4,6.18428711E+4,6.13028008E+4,5.84499102E+4,5.67761055E+4,5.28444453E+4,5.06621797E+4,4.83383633E+4,4.46856719E+4,4.18149180E+4,3.94182695E+4,3.57614570E+4,3.06699531E+4,2.34731367E+4,1.60481992E+4,8.98056055E+3,4.80154199E+3,2.31694336E+3,8.91872009E+2,4.27383972E+2,
534.00,7.43716553E+2,3.08269141E+3,8.54029883E+3,1.82680566E+4,3.11103008E+4,4.67034648E+4,6.29352852E+4,7.90883125E+4,9.34981641E+4,1.03328219E+5,1.10934039E+5,1.14623586E+5,1.14369234E+5,1.12894242E+5,1.08689063E+5,1.03807906E+5,9.85244766E+4,9.22554141E+4,8.80640625E+4,8.22608594E+4,7.39790625E+4,6.98374766E+4,6.37813008E+4,5.76891836E+4,4.87535234E+4,3.66066133E+4,2.51135664E+4,1.43448828E+4,7.26022217E+3,3.43243164E+3,1.41693213E+3,7.05010132E+2,
535.00,1.59905777E+2,6.39623108E+2,1.67414404E+3,3.54573682E+3,6.46992725E+3,1.01811318E+4,1.47224561E+4,1.83265938E+4,2.26218008E+4,2.66375215E+4,2.93642637E+4,3.10940273E+4,3.32270313E+4,3.27973711E+4,3.33257539E+4,3.27403613E+4,3.21674824E+4,3.04432793E+4,3.04669180E+4,2.85258008E+4,2.74398320E+4,2.61995195E+4,2.43891074E+4,2.18097578E+4,1.97142969E+4,1.47113320E+4,1.05482197E+4,5.90260889E+3,2.89359937E+3,1.48364758E+3,5.81222778E+2,3.07297211E+2,
536.00,8.95947266E+1,2.89782959E+2,8.31551086E+2,1.60990527E+3,2.93982690E+3,4.34814404E+3,5.92445117E+3,8.01872803E+3,9.88201855E+3,1.16543145E+4,1.28316445E+4,1.41055703E+4,1.50533145E+4,1.56580781E+4,1.58092695E+4,1.55964824E+4,1.57840713E+4,1.54816885E+4,1.52213037E+4,1.48685254E+4,1.44289512E+4,1.40663721E+4,1.37037939E+4,1.25334619E+4,1.09697539E+4,8.67808887E+3,5.84045605E+3,3.43399780E+3,1.73869763E+3,8.81948120E+2,4.11575775E+2,1.72189865E+2,
537.00,1.11416664E+2,3.10274261E+2,7.60171936E+2,1.51329224E+3,2.96593994E+3,4.30999170E+3,6.00944824E+3,7.86827295E+3,1.00148066E+4,1.18933770E+4,1.33333311E+4,1.42232539E+4,1.52852383E+4,1.55588438E+4,1.57323154E+4,1.60877207E+4,1.55235850E+4,1.53797305E+4,1.50948428E+4,1.47225137E+4,1.38156670E+4,1.36619395E+4,1.32134521E+4,1.20950547E+4,1.07806201E+4,8.34073633E+3,5.70199463E+3,3.29031738E+3,1.64022253E+3,8.13764771E+2,2.97581207E+2,1.74881851E+2,
538.00,2.15638306E+2,6.15704102E+2,1.32220325E+3,2.31953052E+3,3.72969141E+3,5.39663232E+3,7.07208496E+3,8.82556543E+3,1.04783193E+4,1.17934287E+4,1.26006543E+4,1.38987402E+4,1.43314346E+4,1.40363506E+4,1.38278057E+4,1.38249688E+4,1.36320293E+4,1.28304785E+4,1.30801650E+4,1.25779551E+4,1.15763721E+4,1.13919443E+4,1.05449971E+4,1.01477686E+4,8.61702051E+3,6.76281445E+3,4.55819629E+3,2.60184644E+3,1.29382983E+3,6.24216125E+2,2.44011765E+2,1.31936600E+2,
539.00,2.97787476E+2,8.13572510E+2,1.56160327E+3,2.78409937E+3,3.94247827E+3,5.50408154E+3,7.48173242E+3,8.92365137E+3,1.06277363E+4,1.18730293E+4,1.29302461E+4,1.34944756E+4,1.36255586E+4,1.38592295E+4,1.31681914E+4,1.29316709E+4,1.24372578E+4,1.15980391E+4,1.11634688E+4,1.07160752E+4,1.02202373E+4,9.68165527E+3,9.41663867E+3,8.41641504E+3,7.42189014E+3,5.71495508E+3,3.91398193E+3,2.27116382E+3,1.11705933E+3,5.20059509E+2,2.47918777E+2,1.01162254E+2,
540.00,1.58890991E+2,3.63588379E+2,8.03043640E+2,1.42429309E+3,2.39624780E+3,3.55429102E+3,4.74525781E+3,6.07507520E+3,7.65969043E+3,8.76333887E+3,9.67230957E+3,1.03078740E+4,1.07272891E+4,1.07401719E+4,1.04996885E+4,1.06127725E+4,9.93569629E+3,9.53059570E+3,9.48622168E+3,9.10545508E+3,8.61446777E+3,8.31529492E+3,7.94454932E+3,7.22166699E+3,6.35707080E+3,4.91273730E+3,3.39826294E+3,1.99401025E+3,9.61934631E+2,4.78104401E+2,2.31894943E+2,1.11653122E+2,
541.00,3.11235535E+2,7.66561584E+2,1.38038721E+3,2.27807104E+3,3.29823218E+3,4.41349268E+3,5.65267139E+3,6.56188232E+3,7.72181104E+3,8.52439551E+3,8.75638086E+3,9.33850684E+3,9.52582422E+3,9.64109668E+3,9.08778906E+3,9.05897070E+3,8.82122168E+3,8.26503223E+3,8.18001904E+3,7.78953369E+3,7.46388916E+3,7.37599365E+3,6.62960498E+3,6.23767871E+3,5.42068555E+3,4.09793457E+3,2.69161084E+3,1.52159595E+3,8.12670532E+2,3.90485321E+2,1.74349533E+2,7.06043549E+1,
542.00,6.13072754E+2,1.22469275E+3,2.07311572E+3,3.29780859E+3,4.23920947E+3,5.13412109E+3,6.09295557E+3,7.15929541E+3,7.92491016E+3,8.31425488E+3,8.51473828E+3,9.01739941E+3,8.82999121E+3,8.47551367E+3,8.27793555E+3,7.96558789E+3,7.46002051E+3,7.36413721E+3,7.07793994E+3,6.59997559E+3,6.17431104E+3,5.93460254E+3,5.61208545E+3,5.12976318E+3,4.65034570E+3,3.43727539E+3,2.36512427E+3,1.27408728E+3,7.42370117E+2,2.97819702E+2,1.19127884E+2,7.11861725E+1,
543.00,8.52033142E+2,1.73188171E+3,2.72738452E+3,3.84439697E+3,5.22199707E+3,6.36682471E+3,7.16469092E+3,8.27291992E+3,9.18497559E+3,9.60660059E+3,1.01965820E+4,9.85401172E+3,9.78081348E+3,9.66955078E+3,9.42945898E+3,8.87754102E+3,8.53204297E+3,8.06942725E+3,7.78395215E+3,7.50140527E+3,6.87628809E+3,6.56592529E+3,6.11209326E+3,5.51186377E+3,4.61444727E+3,3.60723315E+3,2.52535596E+3,1.37759998E+3,7.05635681E+2,4.20160675E+2,1.62501160E+2,6.44148788E+1,
544.00,1.96178064E+3,3.68165747E+3,5.32483301E+3,7.34708984E+3,9.08171680E+3,1.09889219E+4,1.21674648E+4,1.29993779E+4,1.39153672E+4,1.42177471E+4,1.45378271E+4,1.40997451E+4,1.41439961E+4,1.28710508E+4,1.24491943E+4,1.15759805E+4,1.09387705E+4,9.95050586E+3,9.35902148E+3,8.93273926E+3,8.01675049E+3,7.64356934E+3,6.93998340E+3,6.36029932E+3,5.24370703E+3,4.07401367E+3,2.54736475E+3,1.54139905E+3,6.75560547E+2,3.58430603E+2,1.62252533E+2,7.96512451E+1,
545.00,5.86959521E+3,9.76234473E+3,1.38096758E+4,1.74883906E+4,2.04387949E+4,2.25137402E+4,2.39584727E+4,2.44147813E+4,2.52961875E+4,2.47388047E+4,2.36329609E+4,2.26371074E+4,2.12339922E+4,1.96985938E+4,1.81780566E+4,1.65832051E+4,1.52692715E+4,1.37413037E+4,1.25908691E+4,1.19056611E+4,1.06244277E+4,9.72815918E+3,8.89134473E+3,7.97723926E+3,6.53547998E+3,4.89900879E+3,3.21794727E+3,1.74348828E+3,8.14519653E+2,4.11718872E+2,2.19979767E+2,1.05530830E+2,
546.00,6.14991504E+3,1.05005498E+4,1.49710361E+4,1.86445059E+4,2.15838809E+4,2.38146289E+4,2.47030332E+4,2.57832012E+4,2.59285215E+4,2.58401309E+4,2.43659492E+4,2.30505723E+4,2.20033633E+4,2.04842363E+4,1.87074277E+4,1.72197637E+4,1.54998838E+4,1.45126016E+4,1.35432969E+4,1.20930859E+4,1.09170361E+4,9.94473535E+3,9.36495020E+3,8.27879004E+3,7.04281396E+3,5.54915625E+3,3.47121899E+3,1.86220337E+3,9.31850769E+2,4.35962311E+2,1.93261642E+2,8.68928375E+1,
547.00,7.17249854E+3,1.22825449E+4,1.70934219E+4,2.12425020E+4,2.46089082E+4,2.66502070E+4,2.83167891E+4,2.89332578E+4,2.92777559E+4,2.87232344E+4,2.81294297E+4,2.59128613E+4,2.45001191E+4,2.25963164E+4,2.04613379E+4,1.88823926E+4,1.73956133E+4,1.55582930E+4,1.46879834E+4,1.33855410E+4,1.19667559E+4,1.10707598E+4,1.00508662E+4,8.66381055E+3,7.63636133E+3,5.28985010E+3,3.89826123E+3,2.04583167E+3,9.91185791E+2,4.83505280E+2,2.10022598E+2,1.05766777E+2,
548.00,4.59178219E+5,6.67009625E+5,8.14051188E+5,8.83479000E+5,8.91109500E+5,8.51302750E+5,7.88029250E+5,7.11675563E+5,6.32695188E+5,5.50573750E+5,4.69032125E+5,3.93903531E+5,3.31978406E+5,2.73984188E+5,2.26513484E+5,1.87253094E+5,1.55690156E+5,1.28536000E+5,1.08465992E+5,9.13118281E+4,7.48637969E+4,6.26556133E+4,5.31075977E+4,4.43600703E+4,3.37817695E+4,2.32978242E+4,1.44331162E+4,7.68376221E+3,3.45457324E+3,1.51118555E+3,6.48303162E+2,2.58712524E+2,
549.00,7.09958563E+5,9.64228188E+5,1.12393350E+6,1.19193788E+6,1.18963800E+6,1.12191538E+6,1.05724750E+6,9.66939875E+5,8.72934500E+5,7.77482125E+5,6.83300688E+5,5.93042063E+5,5.12633594E+5,4.39599281E+5,3.73596156E+5,3.17977500E+5,2.71568906E+5,2.30827219E+5,2.01838875E+5,1.70085219E+5,1.44689047E+5,1.24503469E+5,1.07383320E+5,8.95894609E+4,7.16838125E+4,5.20984648E+4,3.29387852E+4,1.76928086E+4,8.15354395E+3,3.67483667E+3,1.42553040E+3,6.09410400E+2,
550.00,3.97345508E+4,5.97391406E+4,7.74402578E+4,9.17177891E+4,1.00944023E+5,1.05475375E+5,1.06965766E+5,1.06232914E+5,1.05736117E+5,1.02346477E+5,9.67289609E+4,9.04001953E+4,8.43722813E+4,7.73677422E+4,6.99281172E+4,6.42427188E+4,5.82178906E+4,5.18150625E+4,4.66295469E+4,4.19577969E+4,3.69142227E+4,3.33533242E+4,3.05576816E+4,2.66265000E+4,2.17680664E+4,1.61520938E+4,1.05592637E+4,5.79185791E+3,2.80644360E+3,1.30525085E+3,4.81369110E+2,2.46855957E+2,
551.00,2.15742773E+4,3.23272051E+4,4.21735586E+4,4.95832070E+4,5.34894023E+4,5.52356836E+4,5.66320898E+4,5.48469297E+4,5.41518398E+4,5.16404883E+4,4.77063008E+4,4.40193633E+4,3.99716563E+4,3.61261055E+4,3.23769648E+4,3.00770977E+4,2.62284355E+4,2.41882578E+4,2.16302578E+4,1.96351738E+4,1.71269336E+4,1.56232344E+4,1.40977656E+4,1.25334199E+4,1.00469512E+4,7.33034033E+3,4.97293750E+3,2.58909985E+3,1.29843750E+3,6.99756714E+2,2.55022446E+2,1.39951340E+2,
552.00,3.14718887E+4,4.58652578E+4,5.88886484E+4,6.81434297E+4,7.28451875E+4,7.31833750E+4,7.33148906E+4,7.19856250E+4,6.80667109E+4,6.50574570E+4,6.01161445E+4,5.46268438E+4,4.98389727E+4,4.48131133E+4,4.01849414E+4,3.58432891E+4,3.21827109E+4,2.88853730E+4,2.53876270E+4,2.37123398E+4,2.06843008E+4,1.82856660E+4,1.68201836E+4,1.43604873E+4,1.16628076E+4,8.56118066E+3,5.65996094E+3,2.98106934E+3,1.51871704E+3,7.02993774E+2,2.89652222E+2,1.36214828E+2,
553.00,2.11563594E+4,3.04061582E+4,3.86159492E+4,4.36678828E+4,4.68793125E+4,4.82817539E+4,4.72212578E+4,4.68210117E+4,4.49568672E+4,4.25490820E+4,3.94747461E+4,3.63610156E+4,3.35135898E+4,3.06110098E+4,2.77210391E+4,2.52470703E+4,2.21601270E+4,1.99430117E+4,1.82569316E+4,1.68970371E+4,1.48674395E+4,1.35043936E+4,1.25699590E+4,1.07341807E+4,9.12531445E+3,6.83098584E+3,4.35701855E+3,2.36681445E+3,1.15346753E+3,5.56248657E+2,2.01699234E+2,1.11880043E+2,
554.00,4.12959563E+5,5.51141125E+5,6.26120500E+5,6.41987188E+5,6.17627563E+5,5.67272563E+5,5.11299938E+5,4.52501156E+5,3.96324063E+5,3.40636781E+5,2.89557375E+5,2.43891000E+5,2.05222813E+5,1.71753688E+5,1.43524875E+5,1.18775328E+5,9.97939141E+4,8.43646719E+4,7.17965156E+4,6.08499063E+4,5.08432539E+4,4.35185664E+4,3.77821367E+4,3.15131152E+4,2.47416230E+4,1.73551172E+4,1.10274502E+4,5.62071875E+3,2.85791187E+3,1.20466614E+3,4.37484039E+2,2.02891144E+2,
555.00,3.12228844E+5,4.24629906E+5,4.95448594E+5,5.26384625E+5,5.26542500E+5,5.02183656E+5,4.74781000E+5,4.40475813E+5,4.03155500E+5,3.65785750E+5,3.26845438E+5,2.86973938E+5,2.53269891E+5,2.22372125E+5,1.94758969E+5,1.68990625E+5,1.47304141E+5,1.27617141E+5,1.12381914E+5,9.81942578E+4,8.36893047E+4,7.36712109E+4,6.43084414E+4,5.50843906E+4,4.41351172E+4,3.14191660E+4,1.98990703E+4,1.04996299E+4,4.71965137E+3,2.35344775E+3,8.73773315E+2,3.42812531E+2,
556.00,1.80880656E+5,2.46704922E+5,2.93621781E+5,3.14773813E+5,3.18090938E+5,3.04716406E+5,2.88756875E+5,2.68789781E+5,2.48718328E+5,2.25716688E+5,2.02042297E+5,1.77341938E+5,1.56617016E+5,1.37566719E+5,1.18746031E+5,1.02898883E+5,8.91454219E+4,7.78790156E+4,6.76305547E+4,5.88640430E+4,4.93637852E+4,4.36286250E+4,3.80010430E+4,3.29980313E+4,2.59446855E+4,1.85236621E+4,1.20065820E+4,6.25697412E+3,3.04901050E+3,1.38401636E+3,5.37871765E+2,2.55288391E+2,
557.00,1.81140039E+4,2.63866035E+4,3.26068242E+4,3.72825000E+4,3.92621016E+4,3.92200508E+4,3.93559063E+4,3.79601602E+4,3.68749375E+4,3.44069023E+4,3.23917207E+4,2.95339121E+4,2.65952383E+4,2.45493262E+4,2.19632285E+4,1.97749922E+4,1.81431152E+4,1.62201201E+4,1.42550742E+4,1.30420830E+4,1.15800234E+4,1.08894277E+4,9.74598047E+3,8.50872949E+3,6.89787744E+3,5.30319824E+3,3.47562451E+3,1.97151526E+3,9.33194641E+2,4.28590271E+2,1.63349503E+2,7.60141220E+1,
558.00,1.77854512E+4,2.67180898E+4,3.37934961E+4,3.81547383E+4,3.93880039E+4,3.89497617E+4,3.80097422E+4,3.62860977E+4,3.44353828E+4,3.13790938E+4,2.84156660E+4,2.54049941E+4,2.35298398E+4,2.03969805E+4,1.87189551E+4,1.62931475E+4,1.49295479E+4,1.31211895E+4,1.19579746E+4,1.06351035E+4,9.51587598E+3,8.46018555E+3,7.76290869E+3,6.63227734E+3,5.45277148E+3,4.02074683E+3,2.70113379E+3,1.46134924E+3,7.02164429E+2,3.33976135E+2,1.44994522E+2,6.02786179E+1,
559.00,1.64173457E+4,2.39125781E+4,2.89886719E+4,3.20195664E+4,3.34038047E+4,3.31971523E+4,3.21343730E+4,3.06599277E+4,2.86754141E+4,2.70648398E+4,2.44620098E+4,2.20297500E+4,1.97664199E+4,1.76769395E+4,1.55398955E+4,1.42917842E+4,1.24138760E+4,1.11887246E+4,1.00062168E+4,8.81058789E+3,7.94789795E+3,7.03272559E+3,6.45541211E+3,5.54843994E+3,4.61522607E+3,3.43271777E+3,2.18132568E+3,1.20218933E+3,6.28156189E+2,2.65695313E+2,8.85651093E+1,4.75627403E+1,
560.00,1.57088027E+4,2.19536758E+4,2.62545605E+4,2.88459922E+4,2.89104063E+4,2.80399902E+4,2.59754336E+4,2.42147773E+4,2.23731934E+4,2.01765039E+4,1.79732090E+4,1.62654072E+4,1.42388379E+4,1.25888438E+4,1.12460557E+4,1.00238379E+4,8.74050977E+3,7.74456689E+3,6.83946484E+3,6.31258984E+3,5.54292334E+3,5.15478662E+3,4.25463965E+3,3.96725317E+3,3.09683569E+3,2.37341504E+3,1.53603052E+3,8.53900879E+2,3.98046631E+2,1.86635971E+2,8.91888733E+1,2.14713955E+1,
561.00,9.38903613E+3,1.31875781E+4,1.63738271E+4,1.80559668E+4,1.83288359E+4,1.80176992E+4,1.67332148E+4,1.57132832E+4,1.43905322E+4,1.33356592E+4,1.21526709E+4,1.07217705E+4,9.58370508E+3,8.57375586E+3,7.33419678E+3,6.52224365E+3,5.69032520E+3,5.05640283E+3,4.58054541E+3,4.18787939E+3,3.64713232E+3,3.30937329E+3,3.02818457E+3,2.60224219E+3,2.21623193E+3,1.62556946E+3,1.03823474E+3,5.77351685E+2,2.96163116E+2,1.23123993E+2,3.32767525E+1,3.66044312E+1,
562.00,8.42400000E+3,1.16068848E+4,1.38561895E+4,1.52624248E+4,1.53730459E+4,1.50260967E+4,1.42165479E+4,1.33030820E+4,1.22102744E+4,1.14191631E+4,9.99113867E+3,9.23522461E+3,8.21616602E+3,7.18872607E+3,6.27358398E+3,5.48750049E+3,4.77851660E+3,4.28574805E+3,3.91198096E+3,3.56838379E+3,3.12422144E+3,2.87951294E+3,2.41858984E+3,2.24427710E+3,1.77497339E+3,1.40958704E+3,8.22957458E+2,5.22938354E+2,1.92749710E+2,1.25706329E+2,3.35216866E+1,3.35216866E+1,
563.00,5.29640967E+3,7.45314307E+3,9.27547266E+3,9.99494727E+3,1.02702383E+4,9.98481348E+3,9.60480957E+3,8.93600293E+3,8.29759668E+3,7.75376855E+3,6.69144629E+3,6.15944092E+3,5.48556738E+3,4.89445020E+3,4.23577686E+3,3.88279541E+3,3.44367969E+3,2.93363013E+3,2.76980615E+3,2.55362622E+3,2.19388916E+3,1.87806372E+3,1.77335156E+3,1.58926074E+3,1.28525757E+3,9.81254517E+2,6.19828552E+2,3.85070618E+2,1.94224213E+2,1.11467812E+2,4.72893753E+1,2.02668743E+1,
564.00,5.34012061E+3,7.16610840E+3,8.71811328E+3,9.82936133E+3,9.70853711E+3,8.99550000E+3,8.64153320E+3,8.10377783E+3,7.42307422E+3,6.62154541E+3,5.98849072E+3,5.34862939E+3,4.88404932E+3,4.14378369E+3,3.66048413E+3,3.23504443E+3,2.86576270E+3,2.72111304E+3,2.34332251E+3,2.06593579E+3,1.70346106E+3,1.58263611E+3,1.55030273E+3,1.31886340E+3,1.14528406E+3,8.30458557E+2,5.37755920E+2,2.97807861E+2,1.73579453E+2,7.65791702E+1,2.04211121E+1,1.19123154E+1,
565.00,7.02956299E+3,9.96869922E+3,1.13636309E+4,1.24051113E+4,1.22146592E+4,1.22095117E+4,1.10770947E+4,1.04182344E+4,8.96668164E+3,8.54459961E+3,7.29036182E+3,6.53370166E+3,5.75816748E+3,5.04440186E+3,4.46446729E+3,3.87766943E+3,3.34749268E+3,2.95286255E+3,2.61313745E+3,2.40895923E+3,1.98859253E+3,1.86334033E+3,1.73122498E+3,1.45498401E+3,1.13070093E+3,8.57891479E+2,5.37040100E+2,3.07125153E+2,1.30399506E+2,8.06417999E+1,4.63261414E+1,1.54420471E+1,
566.00,4.95108594E+3,6.59453564E+3,8.16194775E+3,8.86529590E+3,9.12969922E+3,8.55423242E+3,8.10491943E+3,7.54327783E+3,7.02311133E+3,6.05535986E+3,5.84452832E+3,5.05822998E+3,4.55880127E+3,3.84508447E+3,3.53920581E+3,2.95509863E+3,2.80475146E+3,2.48504785E+3,2.20509106E+3,1.99944385E+3,1.65036206E+3,1.57778064E+3,1.39632727E+3,1.08353613E+3,9.69479675E+2,7.44823059E+2,4.54497620E+2,2.09103470E+2,1.17512688E+2,3.45625572E+1,2.24656620E+1,1.20968943E+1,
567.00,2.57200073E+3,3.78153613E+3,4.50273926E+3,4.79643359E+3,4.96152832E+3,4.91460693E+3,4.58963086E+3,4.22989844E+3,4.03178491E+3,3.73809009E+3,3.45482251E+3,2.86048193E+3,2.63630078E+3,2.42949805E+3,2.22964648E+3,1.85601135E+3,1.63356799E+3,1.48063818E+3,1.40069763E+3,1.11743005E+3,1.15218677E+3,9.12365112E+2,8.46327271E+2,8.06356995E+2,6.23883972E+2,5.02235260E+2,3.09335205E+2,1.70308151E+2,9.03675919E+1,4.51837959E+1,1.04270296E+1,6.95135307E+0,
568.00,1.83050232E+3,2.66270776E+3,3.06657202E+3,3.35329834E+3,3.55435645E+3,3.27462354E+3,3.26413354E+3,3.07006885E+3,2.79907739E+3,2.59452271E+3,2.41094800E+3,2.11548022E+3,1.95638208E+3,1.64692761E+3,1.63993420E+3,1.38817456E+3,1.20634827E+3,1.27103650E+3,9.14376953E+2,9.63330261E+2,7.79755493E+2,6.67862366E+2,6.38140747E+2,6.08419067E+2,4.66804291E+2,3.98619415E+2,2.95467896E+2,1.17138161E+2,5.94432449E+1,2.97216225E+1,2.62249603E+1,1.39866457E+1,
569.00,1.54622693E+3,2.09568359E+3,2.53947534E+3,2.83533643E+3,2.88288550E+3,2.72262744E+3,2.62752930E+3,2.52362549E+3,2.49192627E+3,2.29996851E+3,1.99530200E+3,1.84913245E+3,1.59377612E+3,1.30848132E+3,1.19577234E+3,1.16055078E+3,1.08482434E+3,9.59787842E+2,7.57263794E+2,7.04431396E+2,6.76254150E+2,6.14616394E+2,5.70589478E+2,4.77252289E+2,4.45552887E+2,3.13471985E+2,1.90196487E+2,1.30319809E+2,7.04431458E+1,3.69826508E+1,3.52215719E+0,1.40886288E+1,
570.00,1.72295923E+3,2.40681421E+3,2.76383984E+3,3.19902026E+3,3.10132666E+3,2.94324072E+3,2.84377075E+3,2.61641138E+3,2.59687256E+3,2.16879712E+3,2.25050439E+3,1.81710034E+3,1.63237061E+3,1.45474597E+3,1.29843628E+3,1.20962390E+3,1.10304919E+3,9.52068176E+2,8.43717163E+2,7.10498657E+2,6.39448792E+2,6.48330017E+2,5.16887756E+2,4.54719147E+2,3.53473083E+2,2.59332001E+2,1.72295929E+2,9.59173203E+1,5.68398933E+1,1.95387135E+1,1.59862194E+1,1.24337263E+1,
571.00,2.47032715E+3,3.18202515E+3,3.77361304E+3,3.97439429E+3,3.95108936E+3,3.72879565E+3,3.59255127E+3,3.23401318E+3,3.01351221E+3,2.86292627E+3,2.36097314E+3,2.12613062E+3,1.91280042E+3,1.61521387E+3,1.43415222E+3,1.29432239E+3,1.11863867E+3,9.80601563E+2,9.21442749E+2,7.74442200E+2,7.40381042E+2,5.88002380E+2,5.48563232E+2,4.01562622E+2,3.29855011E+2,2.94001190E+2,1.82854401E+2,1.16524864E+2,4.66099472E+1,2.86830444E+1,1.25488319E+1,5.37807083E+0,
572.00,1.83199829E+3,2.44869263E+3,2.70188086E+3,3.04911060E+3,2.93517603E+3,2.74890161E+3,2.76517798E+3,2.48305396E+3,2.10146289E+3,1.95316699E+3,1.86093408E+3,1.55891663E+3,1.34189807E+3,1.16466626E+3,1.06339087E+3,9.47647705E+2,7.99351685E+2,6.72757507E+2,6.52864136E+2,6.07651917E+2,6.00417969E+2,4.55738953E+2,3.70740021E+2,3.12868408E+2,3.09251434E+2,2.60422272E+2,1.46487518E+2,8.31904449E+1,2.89358063E+1,2.17018547E+1,1.26594152E+1,1.80848789E+0,
573.00,6.12492554E+2,8.91395447E+2,1.01170648E+3,1.06457043E+3,1.18488147E+3,1.15936096E+3,1.10467407E+3,1.15206934E+3,1.03358118E+3,9.09624390E+2,9.27853333E+2,8.02073608E+2,7.03637268E+2,6.32544434E+2,5.17702026E+2,4.88535736E+2,5.01295990E+2,3.49995758E+2,4.10151276E+2,3.29943909E+2,2.78902863E+2,2.77079987E+2,2.31507614E+2,2.31507614E+2,1.98695511E+2,1.20311043E+2,8.93218307E+1,7.65615692E+1,2.73434181E+1,2.73434181E+1,9.11447239E+0,1.27602615E+1,
574.00,2.95714569E+2,4.53673920E+2,5.27143372E+2,6.28163879E+2,6.26327148E+2,6.55714905E+2,6.13469971E+2,6.11633240E+2,6.39184326E+2,5.58367920E+2,5.17959717E+2,5.27143372E+2,4.48163696E+2,3.39796265E+2,3.28775848E+2,2.64490051E+2,3.01224792E+2,2.22245117E+2,2.13061432E+2,2.27755325E+2,2.09387970E+2,1.87347122E+2,1.83673645E+2,1.41428711E+2,1.61632813E+2,1.04693985E+2,6.97959900E+1,4.40816765E+1,2.38775749E+1,2.02041016E+1,1.10204191E+1,3.67347312E+0,
575.00,2.34919708E+2,3.99548462E+2,4.25445129E+2,4.73538940E+2,5.06834625E+2,4.45792511E+2,4.80937988E+2,4.88337006E+2,4.77238464E+2,4.51341797E+2,4.30994415E+2,3.60703491E+2,3.38506348E+2,2.79313965E+2,2.20121613E+2,2.42318741E+2,2.40468994E+2,2.01623993E+2,1.68328293E+2,1.97924469E+2,1.36882339E+2,1.20234497E+2,1.01736877E+2,1.44281387E+2,1.01736877E+2,5.91923676E+1,5.73426056E+1,2.77464218E+1,1.47980919E+1,9.24880695E+0,7.39904594E+0,3.69952297E+0,
576.00,2.14206055E+2,3.22240417E+2,3.44592346E+2,4.37725403E+2,4.99193237E+2,3.42729675E+2,3.93021545E+2,4.63802673E+2,4.07922821E+2,3.91158875E+2,3.53905640E+2,3.18515076E+2,3.18515076E+2,2.53321945E+2,1.88128799E+2,2.04892746E+2,2.21656693E+2,1.75090164E+2,1.34111618E+2,1.52738235E+2,1.21072983E+2,1.45287582E+2,9.68583908E+1,1.04309036E+2,8.56824188E+1,5.02918549E+1,4.47038727E+1,2.04892750E+1,7.45064545E+0,3.72532272E+0,1.86266136E+1,3.72532272E+0,
577.00,1.85678223E+2,2.43819885E+2,3.41347839E+2,2.94459381E+2,3.54476593E+2,3.73231964E+2,2.92583862E+2,3.48849976E+2,3.76983032E+2,2.66326324E+2,2.47570953E+2,2.77579559E+2,1.93180374E+2,2.23188965E+2,1.87553757E+2,1.38789780E+2,1.51918549E+2,1.18158867E+2,1.25661018E+2,1.10656715E+2,9.75279541E+1,8.43991928E+1,8.62747269E+1,5.81416626E+1,6.75193481E+1,5.06395149E+1,2.81330624E+1,2.06309128E+1,1.50043001E+1,1.87553749E+1,7.50215006E+0,5.62661266E+0,
578.00,1.41578751E+2,1.88771667E+2,2.60504913E+2,2.54841751E+2,2.86932922E+2,2.81269775E+2,2.41627731E+2,3.07697815E+2,2.47290878E+2,2.75606628E+2,2.51066315E+2,1.75557648E+2,1.71782211E+2,1.35915604E+2,1.68006790E+2,1.30252457E+2,8.68349686E+1,9.24981155E+1,7.36209488E+1,8.49472504E+1,1.15150719E+2,6.60700836E+1,8.11718140E+1,6.79578018E+1,5.28560677E+1,6.79578018E+1,3.02034664E+1,1.51017332E+1,7.55086660E+0,1.51017332E+1,7.55086660E+0,0.00000000E+0,
579.00,1.44431503E+2,1.59634811E+2,1.44431503E+2,2.33750977E+2,2.03344345E+2,2.20448074E+2,2.14746826E+2,2.22348495E+2,2.52755127E+2,1.80539368E+2,2.20448074E+2,1.69136887E+2,1.74838135E+2,1.48232330E+2,1.44431503E+2,1.29228180E+2,7.60165787E+1,9.88215485E+1,7.79169922E+1,9.12198944E+1,5.70124321E+1,5.70124321E+1,5.51120186E+1,3.99087029E+1,4.18091164E+1,4.37095337E+1,3.04066315E+1,2.47053871E+1,9.50207233E+0,9.50207233E+0,9.50207233E+0,0.00000000E+0,
580.00,8.60878372E+1,1.58784225E+2,1.54958099E+2,2.12349991E+2,1.70262604E+2,1.41566666E+2,1.47305847E+2,1.37740540E+2,1.66436478E+2,1.62610352E+2,1.58784225E+2,1.18609901E+2,1.16696838E+2,1.09044586E+2,8.22617111E+1,1.47305847E+2,8.03486481E+1,5.54788246E+1,6.12180138E+1,5.16526985E+1,7.84355850E+1,4.97396355E+1,5.93049507E+1,6.12180138E+1,3.06090069E+1,4.01743240E+1,1.91306305E+1,2.48698177E+1,3.82612586E+0,7.65225172E+0,1.33914404E+1,1.91306293E+0,
581.00,8.86502228E+1,1.25266617E+2,1.32975327E+2,1.58028656E+2,1.59955826E+2,1.04067650E+2,1.36829681E+2,1.29120972E+2,1.31048157E+2,1.29120972E+2,1.09849182E+2,1.07922005E+2,1.25266617E+2,9.44317551E+1,1.15630722E+2,8.86502228E+1,1.04067650E+2,4.81794662E+1,5.20338249E+1,6.35968971E+1,4.62522888E+1,3.85435753E+1,3.08348598E+1,3.46892166E+1,2.50533237E+1,2.89076805E+1,1.92717876E+1,1.15630722E+1,5.78153610E+0,3.85435748E+0,5.78153610E+0,9.63589382E+0,
582.00,8.55137177E+1,1.06892143E+2,1.36044556E+2,1.08835640E+2,1.39931534E+2,1.26327080E+2,1.41875031E+2,1.16609612E+2,1.12722626E+2,1.04948654E+2,9.52311859E+1,1.10779137E+2,1.28270569E+2,1.20496605E+2,1.10779137E+2,8.35702209E+1,7.38527527E+1,5.63613129E+1,5.44178200E+1,4.08133659E+1,5.24743271E+1,3.88698730E+1,2.33219223E+1,2.91524029E+1,3.88698730E+1,1.55479488E+1,1.36044550E+1,1.16609612E+1,7.77397442E+0,3.88698721E+0,7.77397442E+0,7.77397442E+0,
583.00,6.66027603E+1,9.01096191E+1,9.99041443E+1,1.35164429E+2,1.03821953E+2,1.23410995E+2,1.29287720E+2,2.19397339E+2,2.95794617E+2,5.93548157E+2,8.83466064E+2,1.16163049E+3,1.23019214E+3,1.08327429E+3,8.79548218E+2,6.62109802E+2,3.64356293E+2,1.97849380E+2,8.61918106E+1,3.91780968E+1,3.91780968E+1,3.33013802E+1,2.54657612E+1,3.33013802E+1,1.56712379E+1,3.13424759E+1,2.15479527E+1,1.95890484E+1,1.37123337E+1,1.95890474E+0,9.79452419E+0,1.95890474E+0,
584.00,4.93247719E+1,6.90546799E+1,6.90546799E+1,7.49736557E+1,6.51087036E+1,8.48386078E+1,8.48386078E+1,7.89196396E+1,8.28656158E+1,7.69466476E+1,1.06541512E+2,1.06541512E+2,1.08514503E+2,8.48386078E+1,6.90546799E+1,8.48386078E+1,8.08926315E+1,5.52437477E+1,5.12977638E+1,4.14328079E+1,2.56488819E+1,3.35408478E+1,2.36758919E+1,2.56488819E+1,2.56488819E+1,2.76218739E+1,1.38109369E+1,1.18379459E+1,5.91897297E+0,7.89196396E+0,0.00000000E+0,7.89196396E+0,
585.00,4.57524261E+1,4.57524261E+1,4.97308998E+1,5.96770782E+1,6.56447830E+1,6.36555519E+1,7.95694351E+1,6.96232605E+1,7.36017303E+1,7.95694351E+1,7.75802002E+1,1.17364922E+2,8.55371475E+1,7.75802002E+1,7.75802002E+1,7.36017303E+1,6.76340256E+1,1.79031239E+1,4.97308998E+1,2.38708305E+1,3.38170128E+1,1.79031239E+1,1.98923588E+1,2.38708305E+1,1.39246521E+1,2.18815956E+1,1.98923588E+1,9.94617939E+0,7.95694399E+0,3.97847199E+0,7.95694399E+0,9.94617939E+0,
586.00,2.00854511E+1,2.81196327E+1,5.82478104E+1,3.81623573E+1,5.82478104E+1,5.02136307E+1,4.61965370E+1,6.22649002E+1,5.22221756E+1,9.84187164E+1,1.12478531E+2,1.04444351E+2,1.22521255E+2,1.14487076E+2,1.20512711E+2,1.02435806E+2,8.23503494E+1,4.82050819E+1,3.81623573E+1,2.41025410E+1,2.81196327E+1,1.00427256E+1,2.00854511E+1,1.40598164E+1,2.41025410E+1,1.40598164E+1,1.40598164E+1,1.20512705E+1,2.41025410E+1,1.00427256E+1,8.03418064E+0,6.02563524E+0,
587.00,3.64573746E+1,3.24065552E+1,3.64573746E+1,4.05081940E+1,6.88639297E+1,1.05321304E+2,1.86337692E+2,3.84827850E+2,5.54962280E+2,6.66359802E+2,8.70926147E+2,1.00460321E+3,9.70171265E+2,8.79027832E+2,7.27122070E+2,5.67114746E+2,3.90904083E+2,2.57227020E+2,1.41778687E+2,5.06352425E+1,4.86098328E+1,2.02540970E+1,2.22795067E+1,1.01270485E+1,1.82286873E+1,1.01270485E+1,8.10163879E+0,1.41778679E+1,8.10163879E+0,4.05081940E+0,0.00000000E+0,4.05081940E+0,
588.00,2.65073528E+1,4.07805405E+1,5.70927582E+1,5.50537338E+1,5.09756775E+1,6.32098389E+1,9.58342743E+1,1.48848984E+2,1.91668549E+2,2.81385742E+2,3.32361420E+2,4.40429871E+2,4.30234711E+2,4.87327484E+2,4.36351807E+2,3.69063904E+2,2.28371033E+2,1.65161194E+2,8.97171936E+1,4.28195686E+1,2.65073528E+1,4.07805443E+0,3.26244354E+1,2.65073528E+1,8.15610886E+0,1.01951351E+1,1.42731895E+1,6.11708117E+0,2.03902721E+0,1.22341623E+1,1.22341623E+1,0.00000000E+0,
589.00,2.66883297E+1,3.90060196E+1,3.69530716E+1,7.59590912E+1,6.98002472E+1,1.02647423E+2,1.74500610E+2,3.32577637E+2,4.90654663E+2,7.16479004E+2,1.02031537E+3,1.20302783E+3,1.19071008E+3,1.13938635E+3,1.13322754E+3,8.39655884E+2,5.39925415E+2,3.16154053E+2,1.27282799E+2,7.39061432E+1,3.07942257E+1,8.21179390E+0,1.64235878E+1,1.02647419E+1,1.43706388E+1,2.05294838E+1,1.02647419E+1,8.21179390E+0,4.10589695E+0,8.21179390E+0,2.05294847E+0,4.10589695E+0,
590.00,2.68841572E+1,2.06801224E+1,3.92922325E+1,3.51562080E+1,2.68841572E+1,3.72242203E+1,3.30881958E+1,3.10201817E+1,7.65164490E+1,8.47884979E+1,9.09925385E+1,1.09604645E+2,1.32352783E+2,1.28216751E+2,1.26148743E+2,9.30605469E+1,8.27204895E+1,4.34282570E+1,4.13602448E+1,1.44760847E+1,1.03400612E+1,3.51562080E+1,2.48161449E+1,1.44760847E+1,4.13602448E+0,6.20403624E+0,1.24080725E+1,1.03400612E+1,2.06801224E+0,8.27204895E+0,6.20403624E+0,0.00000000E+0,
591.00,1.87624016E+1,1.87624016E+1,3.54400940E+1,4.58636513E+1,3.96095161E+1,2.71012478E+1,2.50165367E+1,3.96095161E+1,5.42024956E+1,7.29648972E+1,1.02150856E+2,1.02150856E+2,1.06320282E+2,1.14659126E+2,9.58967209E+1,1.00066147E+2,5.21177826E+1,4.37789383E+1,2.91859589E+1,2.71012478E+1,1.25082684E+1,4.16942263E+0,1.45929794E+1,1.87624016E+1,1.87624016E+1,4.16942263E+0,8.33884525E+0,1.45929794E+1,1.25082684E+1,6.25413418E+0,6.25413418E+0,6.25413418E+0,
592.00,1.47255192E+1,2.94510384E+1,2.10364552E+1,4.41765556E+1,1.47255192E+1,8.41458225E+0,3.15546837E+1,2.52437458E+1,4.41765556E+1,8.83531113E+1,1.24115089E+2,1.17804153E+2,1.38840607E+2,1.22011444E+2,1.11493217E+2,8.83531113E+1,6.31093674E+1,3.99692650E+1,3.15546837E+1,2.52437458E+1,1.68291645E+1,2.31401005E+1,8.41458225E+0,1.05182276E+1,1.68291645E+1,1.47255192E+1,2.73473930E+1,1.26218729E+1,6.31093645E+0,4.20729113E+0,1.05182276E+1,1.26218729E+1,
593.00,1.06148109E+1,1.91066589E+1,2.54755459E+1,1.48607349E+1,2.12296219E+1,2.54755459E+1,2.12296219E+1,3.18444328E+1,3.82133179E+1,5.09510918E+1,3.60903587E+1,7.43036728E+1,8.06725616E+1,1.01902184E+2,6.15659027E+1,5.30740547E+1,5.51970177E+1,3.60903587E+1,2.54755459E+1,1.91066589E+1,2.12296219E+1,1.27377729E+1,1.91066589E+1,8.49184895E+0,1.27377729E+1,1.06148109E+1,6.36888647E+0,1.06148109E+1,4.24592447E+0,6.36888647E+0,8.49184895E+0,4.24592447E+0,
594.00,1.28418293E+1,8.56121922E+0,2.35433540E+1,1.92627430E+1,6.42091465E+0,2.14030476E+1,3.42448769E+1,3.85254860E+1,4.70867081E+1,6.84897537E+1,6.42091446E+1,1.13436157E+2,1.62663162E+2,1.49821335E+2,1.04874939E+2,1.41260117E+2,8.98927994E+1,6.84897537E+1,2.99642677E+1,1.49821339E+1,1.49821339E+1,1.07015238E+1,3.21045723E+1,6.42091465E+0,2.14030476E+1,8.56121922E+0,8.56121922E+0,1.07015238E+1,2.14030480E+0,8.56121922E+0,6.42091465E+0,2.14030480E+0,
595.00,1.50974503E+1,1.29406710E+1,1.94110069E+1,2.15677853E+1,1.94110069E+1,6.47033539E+1,1.22936378E+2,1.96266846E+2,3.86063354E+2,6.36249695E+2,6.98796265E+2,8.95063110E+2,1.04819434E+3,9.46825806E+2,9.77020691E+2,7.80753845E+2,5.84487000E+2,3.62338806E+2,2.11364304E+2,7.11736908E+1,3.23516769E+1,3.23516769E+1,1.94110069E+1,3.01949005E+1,1.29406710E+1,1.50974503E+1,1.07838926E+1,1.94110069E+1,4.31355715E+0,8.62711430E+0,2.15677857E+0,4.31355715E+0,
596.00,2.82647934E+1,1.30452890E+1,1.30452890E+1,1.30452890E+1,3.47874374E+1,4.13100815E+1,5.87038002E+1,1.26104462E+2,1.76111404E+2,2.69602631E+2,3.56571228E+2,4.23971893E+2,5.58773193E+2,6.26173889E+2,5.76166931E+2,4.82675690E+2,3.84836029E+2,2.47860489E+2,1.58717682E+2,7.39233093E+1,3.47874374E+1,1.52195044E+1,1.73937187E+1,1.08710747E+1,6.52264452E+0,1.30452890E+1,6.52264452E+0,4.34842968E+0,1.30452890E+1,2.17421484E+0,1.08710747E+1,6.52264452E+0,
597.00,8.76540279E+0,1.97221565E+1,1.31481037E+1,1.09567528E+1,2.41048565E+1,3.06789093E+1,4.82097130E+1,5.47837639E+1,1.13950233E+2,1.55585892E+2,1.99412903E+2,2.45431274E+2,1.88456161E+2,2.34474518E+2,2.10369659E+2,2.14752365E+2,1.13950233E+2,8.76540222E+1,4.16356621E+1,2.84875584E+1,1.31481037E+1,1.31481037E+1,1.31481037E+1,8.76540279E+0,8.76540279E+0,2.19135070E+0,6.57405186E+0,1.09567528E+1,6.57405186E+0,1.09567528E+1,4.38270140E+0,1.31481037E+1,
598.00,1.32434740E+1,8.82898235E+0,1.32434740E+1,8.82898235E+0,1.98652115E+1,1.54507198E+1,2.20724564E+1,4.41449127E+1,4.85594063E+1,5.95956345E+1,7.50463562E+1,9.49115677E+1,1.23605759E+2,8.38753357E+1,1.05947792E+2,7.72536011E+1,7.72536011E+1,3.75231781E+1,2.86941948E+1,2.42797031E+1,1.76579647E+1,8.82898235E+0,1.76579647E+1,0.00000000E+0,2.20724559E+0,8.82898235E+0,6.62173700E+0,4.41449118E+0,6.62173700E+0,1.10362282E+1,8.82898235E+0,0.00000000E+0,
599.00,4.44368887E+0,6.66553307E+0,1.77747555E+1,6.66553307E+0,8.88737774E+0,3.33276672E+1,1.55529108E+1,3.33276672E+1,3.55495110E+1,6.22116432E+1,6.66553345E+1,1.02204842E+2,8.44300842E+1,1.15535912E+2,9.99830017E+1,8.22082443E+1,6.22116432E+1,4.66587334E+1,1.99965992E+1,2.22184448E+1,1.77747555E+1,2.22184443E+0,6.66553307E+0,2.22184443E+0,6.66553307E+0,8.88737774E+0,2.22184443E+0,6.66553307E+0,6.66553307E+0,4.44368887E+0,6.66553307E+0,1.11092224E+1,
600.00,2.23867583E+0,1.56707315E+1,8.95470333E+0,1.56707315E+1,2.23867588E+1,1.56707315E+1,1.79094067E+1,4.02961655E+1,5.37282219E+1,6.49216003E+1,1.00740417E+2,1.07456444E+2,1.34320557E+2,8.28310089E+1,1.20888496E+2,6.93989563E+1,6.71602783E+1,5.37282219E+1,4.02961655E+1,1.34320555E+1,1.34320555E+1,1.56707315E+1,8.95470333E+0,1.56707315E+1,4.47735167E+0,6.71602774E+0,1.11933794E+1,8.95470333E+0,0.00000000E+0,4.47735167E+0,6.71602774E+0,2.23867583E+0,
601.00,6.77327871E+0,2.03198357E+1,4.51551914E+0,2.03198357E+1,1.80620766E+1,1.12887974E+1,6.77327871E+0,2.48353558E+1,4.06396713E+1,4.74129524E+1,3.83819122E+1,6.77327881E+1,1.01599182E+2,7.45060654E+1,7.67638245E+1,5.87017479E+1,5.19284706E+1,3.16086330E+1,1.80620766E+1,1.12887974E+1,1.35465574E+1,9.03103828E+0,4.51551914E+0,4.51551914E+0,4.51551914E+0,9.03103828E+0,2.25775957E+0,9.03103828E+0,6.77327871E+0,4.51551914E+0,2.25775957E+0,9.03103828E+0,
602.00,9.11135674E+0,9.11135674E+0,1.36670351E+1,1.36670351E+1,3.87232666E+1,1.13891954E+1,6.83351755E+0,1.13891954E+1,5.23903008E+1,5.69459801E+1,6.60573349E+1,6.60573349E+1,7.28908539E+1,5.69459801E+1,5.23903008E+1,3.87232666E+1,3.18897476E+1,3.64454269E+1,1.13891954E+1,1.36670351E+1,1.13891954E+1,9.11135674E+0,4.55567837E+0,4.55567837E+0,2.27783918E+0,2.27783918E+0,1.13891954E+1,4.55567837E+0,0.00000000E+0,6.83351755E+0,0.00000000E+0,2.27783918E+0,
603.00,1.14964180E+1,4.13871040E+1,2.29928360E+1,1.37957020E+1,2.98906860E+1,1.37957020E+1,1.83942680E+1,2.52921200E+1,4.13871040E+1,4.36863899E+1,4.59856720E+1,6.89785080E+1,7.35770721E+1,5.74820900E+1,4.82849541E+1,6.66792221E+1,6.20806580E+1,3.44892540E+1,2.29928360E+1,1.60949860E+1,2.98906860E+1,4.59856701E+0,1.37957020E+1,1.14964180E+1,6.89785099E+0,9.19713402E+0,2.29928350E+0,1.14964180E+1,0.00000000E+0,1.14964180E+1,6.89785099E+0,2.29928350E+0,
604.00,2.09057007E+1,1.39371338E+1,1.62599888E+1,1.16142778E+1,1.16142778E+1,1.85828457E+1,2.09057007E+1,1.62599888E+1,4.64571114E+1,3.71656914E+1,7.20085220E+1,6.96856689E+1,5.80713882E+1,9.29142227E+1,7.20085220E+1,9.29142227E+1,5.11028252E+1,2.32285557E+1,1.85828457E+1,1.85828457E+1,1.39371338E+1,9.29142284E+0,6.96856689E+0,6.96856689E+0,1.62599888E+1,1.62599888E+1,9.29142284E+0,6.96856689E+0,2.09057007E+1,0.00000000E+0,2.32285571E+0,1.16142778E+1,
605.00,1.17268257E+1,1.17268257E+1,4.69073057E+0,1.40721912E+1,1.40721912E+1,7.03609562E+0,1.64175568E+1,2.34536514E+1,3.98712082E+1,3.51804771E+1,6.80155945E+1,5.86341324E+1,7.73970490E+1,5.86341324E+1,8.91238785E+1,3.98712082E+1,4.69073029E+1,4.69073029E+1,1.17268257E+1,1.40721912E+1,1.17268257E+1,4.69073057E+0,1.87629223E+1,1.17268257E+1,4.69073057E+0,2.34536529E+0,1.17268257E+1,7.03609562E+0,2.34536529E+0,7.03609562E+0,9.38146114E+0,7.03609562E+0,
606.00,1.65549698E+1,1.65549698E+1,9.45998287E+0,4.72999144E+0,2.36499577E+1,1.89199657E+1,2.36499577E+1,2.36499577E+1,4.96649094E+1,6.14898911E+1,4.02049294E+1,4.02049294E+1,4.96649094E+1,4.72999153E+1,2.83799496E+1,3.78399315E+1,4.72999153E+1,2.83799496E+1,2.60149536E+1,2.12849617E+1,1.18249788E+1,1.18249788E+1,7.09498739E+0,4.72999144E+0,1.65549698E+1,9.45998287E+0,4.72999144E+0,4.72999144E+0,7.09498739E+0,7.09498739E+0,7.09498739E+0,1.89199657E+1,
607.00,1.66818638E+1,1.42987404E+1,1.66818638E+1,9.53249359E+0,1.42987404E+1,1.90649872E+1,3.33637276E+1,3.33637276E+1,3.33637276E+1,4.52793427E+1,4.28962212E+1,7.38768234E+1,1.04857430E+2,7.86430740E+1,1.31071793E+2,1.00091179E+2,7.14936981E+1,3.09806042E+1,2.38312340E+1,1.66818638E+1,9.53249359E+0,4.76624680E+0,1.90649872E+1,4.76624680E+0,7.14937019E+0,9.53249359E+0,2.38312340E+0,9.53249359E+0,2.38312340E+0,1.19156170E+1,2.38312340E+0,4.76624680E+0,
608.00,7.20481873E+0,9.60642433E+0,2.16144562E+1,1.20080309E+1,9.60642433E+0,4.80321217E+0,2.40160618E+1,6.00401535E+1,3.60240936E+1,3.84256973E+1,1.08072281E+2,9.36626434E+1,1.17678703E+2,1.24883522E+2,1.15277100E+2,1.17678703E+2,8.64578247E+1,5.28353348E+1,2.16144562E+1,1.68112431E+1,2.40160608E+0,1.68112431E+1,7.20481873E+0,1.20080309E+1,9.60642433E+0,9.60642433E+0,4.80321217E+0,1.20080309E+1,9.60642433E+0,2.40160608E+0,4.80321217E+0,2.40160608E+0,
609.00,9.69281960E+0,1.93856392E+1,7.26961517E+0,7.26961517E+0,1.93856392E+1,7.26961517E+0,2.18088455E+1,3.39248695E+1,4.84640999E+1,5.57337151E+1,7.75425568E+1,7.99657669E+1,9.69281998E+1,8.72353821E+1,9.93514023E+1,1.01774612E+2,6.54265366E+1,5.08873062E+1,1.69624348E+1,1.45392303E+1,1.93856392E+1,1.93856392E+1,1.69624348E+1,1.69624348E+1,4.84640980E+0,1.69624348E+1,0.00000000E+0,9.69281960E+0,9.69281960E+0,2.42320490E+0,4.84640980E+0,4.84640980E+0,
610.00,7.34362173E+0,2.93744869E+1,1.71351166E+1,2.93744869E+1,1.22393694E+1,9.79149532E+0,1.71351166E+1,2.93744869E+1,4.16138573E+1,5.63010979E+1,6.36447220E+1,9.54670792E+1,1.29737320E+2,1.10154327E+2,8.07798386E+1,8.56755829E+1,8.32277145E+1,6.36447220E+1,2.69266129E+1,1.22393694E+1,2.69266129E+1,1.95829906E+1,1.46872435E+1,7.34362173E+0,7.34362173E+0,1.22393694E+1,0.00000000E+0,7.34362173E+0,2.44787383E+0,0.00000000E+0,1.71351166E+1,1.46872435E+1,
611.00,1.73128910E+1,1.23663511E+1,7.41981077E+0,7.41981077E+0,3.95723228E+1,3.21525116E+1,2.72059727E+1,2.72059727E+1,6.43050232E+1,8.90377274E+1,1.01404083E+2,1.03877350E+2,1.40976410E+2,1.53342758E+2,1.48396210E+2,1.21190239E+2,9.39842682E+1,5.68852158E+1,3.95723228E+1,9.89308071E+0,1.48396215E+1,7.41981077E+0,1.48396215E+1,7.41981077E+0,1.73128910E+1,4.94654036E+0,1.23663511E+1,1.73128910E+1,2.47327018E+0,4.94654036E+0,4.94654036E+0,0.00000000E+0,
612.00,1.49814835E+1,1.49814835E+1,2.74660530E+1,2.24722252E+1,2.49691391E+1,9.98765564E+0,4.99382782E+1,3.99506226E+1,7.24104996E+1,7.99012451E+1,1.24845695E+2,1.89765457E+2,2.09740768E+2,2.32212982E+2,1.89765457E+2,1.82274704E+2,1.42324081E+2,6.49197617E+1,7.74043274E+1,2.49691391E+1,1.74783974E+1,1.74783974E+1,1.24845695E+1,7.49074173E+0,2.49691391E+0,1.24845695E+1,7.49074173E+0,4.99382782E+0,4.99382782E+0,1.74783974E+1,9.98765564E+0,0.00000000E+0,
613.00,1.00602036E+1,2.01204071E+1,1.50903063E+1,1.25752554E+1,1.00602036E+1,1.76053562E+1,2.26354580E+1,4.52709160E+1,8.04816284E+1,9.30568848E+1,1.45872955E+2,2.11264282E+2,1.93658920E+2,2.31384689E+2,1.96173981E+2,1.68508423E+2,1.78568619E+2,8.29966812E+1,6.53913269E+1,3.01806126E+1,1.50903063E+1,7.54515314E+0,2.51505089E+0,2.51505089E+0,1.00602036E+1,5.03010178E+0,7.54515314E+0,5.03010178E+0,1.50903063E+1,5.03010178E+0,2.26354580E+1,7.54515314E+0,
614.00,7.58993435E+0,1.77098465E+1,1.77098465E+1,1.51798687E+1,2.02398243E+1,3.03597374E+1,1.26498909E+1,4.55396080E+1,5.81894951E+1,9.86691437E+1,1.16378990E+2,1.41678772E+2,2.32757980E+2,2.50467834E+2,2.42877899E+2,1.61918594E+2,1.29028885E+2,1.16378990E+2,5.05995636E+1,4.30096283E+1,2.52997804E+0,0.00000000E+0,7.58993435E+0,7.58993435E+0,5.05995607E+0,1.01199121E+1,1.77098465E+1,5.05995607E+0,1.26498909E+1,1.26498909E+1,0.00000000E+0,2.52997804E+0,
615.00,1.27501593E+1,1.53001919E+1,2.80503521E+1,2.55003185E+1,1.27501593E+1,2.55003190E+0,1.53001919E+1,2.55003185E+1,5.10006371E+1,1.30051636E+2,1.73402176E+2,2.11652649E+2,2.32052902E+2,2.42253036E+2,2.29502869E+2,2.42253036E+2,1.55551941E+2,1.27501595E+2,7.90509872E+1,2.29502869E+1,2.04002552E+1,1.27501593E+1,7.65009594E+0,1.27501593E+1,2.55003190E+0,7.65009594E+0,0.00000000E+0,2.55003190E+0,2.55003190E+0,1.78502235E+1,5.10006380E+0,1.02001276E+1,
616.00,2.57621717E+0,1.80335197E+1,1.54573030E+1,1.28810854E+1,2.57621708E+1,3.34908218E+1,4.63719101E+1,9.53200302E+1,2.08673584E+2,3.37484436E+2,3.89008789E+2,5.97682373E+2,6.69816467E+2,8.34694336E+2,7.13612122E+2,7.34221863E+2,5.66767761E+2,3.29755798E+2,1.95792496E+2,9.01676025E+1,4.37956924E+1,3.86432571E+1,1.80335197E+1,5.15243435E+0,1.03048687E+1,1.80335197E+1,7.72865152E+0,2.57621717E+0,1.03048687E+1,1.28810854E+1,7.72865152E+0,7.72865152E+0,
617.00,7.82227421E+0,2.08593979E+1,2.08593979E+1,3.12890968E+1,8.34375916E+1,2.24238525E+2,5.34522034E+2,1.10294067E+3,1.88777551E+3,2.63871387E+3,3.26449561E+3,3.63735742E+3,4.10147900E+3,4.02325635E+3,3.56434961E+3,2.88641919E+3,1.97121301E+3,1.16030396E+3,6.04922546E+2,2.76387024E+2,6.25781937E+1,2.34668217E+1,2.86816711E+1,5.21484947E+0,2.60742474E+0,1.30371237E+1,2.60742474E+0,1.30371237E+1,0.00000000E+0,5.21484947E+0,7.82227421E+0,7.82227421E+0,
618.00,1.05569887E+1,1.31962366E+1,7.91774178E+0,2.11139774E+1,7.91774178E+0,2.63924732E+1,8.18166656E+1,9.76521530E+1,1.84747314E+2,3.69494629E+2,4.48672028E+2,6.75647278E+2,7.09957520E+2,7.60103210E+2,7.75938721E+2,6.57172546E+2,4.40754303E+2,3.27266663E+2,1.74190323E+2,8.70951614E+1,3.69494629E+1,7.91774178E+0,7.91774178E+0,2.11139774E+1,0.00000000E+0,1.58354836E+1,5.27849436E+0,1.05569887E+1,2.63924718E+0,2.11139774E+1,7.91774178E+0,5.27849436E+0,
619.00,1.86694069E+1,5.33411646E+0,2.40035229E+1,1.33352909E+1,1.33352909E+1,2.13364658E+1,2.40035229E+1,6.66764526E+1,8.00117416E+1,1.25351730E+2,2.02696426E+2,1.81359955E+2,2.72039917E+2,3.04044617E+2,3.38716400E+2,2.69372864E+2,2.08030533E+2,1.22684677E+2,9.60140915E+1,4.80070457E+1,1.60023499E+1,1.33352909E+1,2.40035229E+1,8.00117493E+0,8.00117493E+0,8.00117493E+0,8.00117493E+0,0.00000000E+0,8.00117493E+0,2.66705823E+0,5.33411646E+0,1.33352909E+1,
620.00,8.07985687E+0,1.07731419E+1,1.07731419E+1,1.07731419E+1,1.61597137E+1,1.34664278E+1,4.03992805E+1,5.38657112E+1,9.15717087E+1,1.96609848E+2,1.96609848E+2,3.12421112E+2,4.20152527E+2,4.57858521E+2,3.87833099E+2,3.12421112E+2,2.69328552E+2,1.75063553E+2,1.18504562E+2,3.77059975E+1,3.77059975E+1,1.07731419E+1,1.61597137E+1,1.61597137E+1,2.15462837E+1,2.69328547E+0,1.07731419E+1,1.61597137E+1,1.88529987E+1,2.69328547E+0,5.38657093E+0,8.07985687E+0,
621.00,2.72024846E+0,2.72024846E+0,2.44822369E+1,8.16074562E+0,2.99227333E+1,4.89644737E+1,1.06089691E+2,1.79536407E+2,3.15548828E+2,4.67882751E+2,5.60371216E+2,7.50788574E+2,9.41205994E+2,8.32396057E+2,6.63740662E+2,6.06615417E+2,5.68531921E+2,3.07388092E+2,1.57774414E+2,7.34467087E+1,4.62442245E+1,2.99227333E+1,1.90417404E+1,1.36012430E+1,1.36012430E+1,8.16074562E+0,1.08809938E+1,1.63214912E+1,1.08809938E+1,1.36012430E+1,2.72024846E+0,2.44822369E+1,
622.00,1.09967766E+1,1.09967766E+1,1.92443600E+1,2.74919415E+0,1.64951649E+1,1.64951649E+1,5.22346878E+1,1.09967766E+2,2.11687958E+2,3.13408142E+2,4.04131561E+2,5.52588013E+2,6.51559021E+2,6.26816284E+2,6.04822693E+2,5.58086426E+2,4.28874298E+2,2.47427475E+2,1.53954880E+2,5.49838829E+1,3.29903297E+1,1.64951649E+1,1.92443600E+1,8.24758244E+0,8.24758244E+0,5.49838829E+0,1.37459707E+1,5.49838829E+0,1.37459707E+1,2.74919415E+0,1.09967766E+1,5.49838829E+0,
623.00,1.94823265E+1,1.66991386E+1,5.56637907E+0,1.94823265E+1,1.11327581E+1,2.78318958E+1,5.28806038E+1,1.64208191E+2,2.97801300E+2,4.53659912E+2,5.76120239E+2,7.15279724E+2,7.09713379E+2,7.87642639E+2,7.65377136E+2,6.31784058E+2,4.53659912E+2,2.69969391E+2,1.94823273E+2,5.28806038E+1,2.78318958E+1,1.39159479E+1,1.39159479E+1,1.11327581E+1,2.50487061E+1,5.56637907E+0,2.78318954E+0,1.39159479E+1,5.56637907E+0,8.34956932E+0,5.56637907E+0,2.78318954E+0,
624.00,1.97319145E+1,1.69130688E+1,5.63768959E+0,1.97319145E+1,2.81884480E+1,4.22826729E+1,6.20145874E+1,1.32485703E+2,2.11413361E+2,4.14370178E+2,4.93297852E+2,6.68066223E+2,6.84979309E+2,7.94914246E+2,8.23102661E+2,7.15986572E+2,5.63768982E+2,3.35442535E+2,1.83224915E+2,8.17464981E+1,5.63768959E+1,2.53696041E+1,1.97319145E+1,2.81884480E+1,1.69130688E+1,1.40942240E+1,1.12753792E+1,5.63768959E+0,8.45653439E+0,1.12753792E+1,5.63768959E+0,8.45653439E+0,
625.00,2.28023930E+1,8.55089760E+0,1.14011965E+1,1.14011965E+1,1.42514963E+1,5.41556854E+1,1.68167648E+2,3.19233521E+2,6.44167603E+2,9.77652649E+2,1.51635913E+3,1.75578430E+3,2.30304175E+3,2.22038306E+3,2.41705371E+3,1.93535315E+3,1.35389209E+3,9.32047852E+2,4.95952057E+2,2.36574829E+2,7.41077805E+1,3.70538902E+1,1.71017952E+1,1.99520950E+1,2.85029912E+0,1.71017952E+1,1.71017952E+1,2.85029912E+0,1.14011965E+1,2.85029912E+0,2.85029912E+0,0.00000000E+0,
626.00,1.72746429E+1,2.30328579E+1,2.87910728E+1,2.30328579E+1,9.78896484E+1,2.21691254E+2,6.90985718E+2,1.43667456E+3,2.30616504E+3,3.82921265E+3,4.89736133E+3,5.87913721E+3,6.30524512E+3,6.21311328E+3,5.75533545E+3,5.13056934E+3,3.28506152E+3,2.11326465E+3,1.06526965E+3,4.31866089E+2,1.18043396E+2,9.50105438E+1,3.45492859E+1,2.30328579E+1,8.63732147E+0,1.72746429E+1,5.75821447E+0,8.63732147E+0,1.43955364E+1,1.15164289E+1,2.87910724E+0,1.15164289E+1,
627.00,8.71543312E+0,2.90514445E+0,2.90514431E+1,3.77668762E+1,9.29646225E+1,3.05040161E+2,7.23380920E+2,1.55715735E+3,2.56814771E+3,4.02943530E+3,5.30769873E+3,5.98750244E+3,6.60629834E+3,6.68473730E+3,6.03398486E+3,4.47101709E+3,3.11721997E+3,1.87672327E+3,8.88974182E+2,4.27056213E+2,1.71403519E+2,2.90514431E+1,4.35771637E+1,2.61462994E+1,1.16205778E+1,8.71543312E+0,1.16205778E+1,8.71543312E+0,1.45257215E+1,1.45257215E+1,1.16205778E+1,1.45257215E+1,
628.00,1.17324219E+1,5.86621094E+0,2.34648438E+1,2.05317383E+1,2.34648438E+1,7.33276367E+1,8.50600586E+1,2.28782211E+2,2.72778809E+2,6.51149414E+2,9.70857849E+2,1.00898822E+3,1.16737598E+3,1.24656982E+3,1.16737598E+3,9.79657166E+2,7.12744629E+2,4.57564423E+2,2.72778809E+2,1.49588379E+2,8.79931641E+1,3.81303711E+1,2.05317383E+1,2.34648438E+1,1.46655264E+1,1.75986328E+1,1.75986328E+1,1.46655264E+1,5.86621094E+0,1.17324219E+1,2.05317383E+1,2.93310547E+0,
629.00,1.48183584E+1,3.26003876E+1,2.07457008E+1,2.66730442E+1,2.96367168E+1,5.03824158E+1,1.12619522E+2,1.68929276E+2,3.73422607E+2,4.44550751E+2,7.23135864E+2,8.83174133E+2,9.36520203E+2,9.78011658E+2,9.75047974E+2,7.49808899E+2,5.21606201E+2,4.14914032E+2,2.13384354E+2,8.59464798E+1,4.44550743E+1,4.14914017E+1,5.92734337E+1,2.07457008E+1,2.37093735E+1,1.48183584E+1,2.66730442E+1,5.92734337E+0,1.48183584E+1,1.18546867E+1,1.18546867E+1,1.18546867E+1,
630.00,1.19882174E+1,1.19882174E+1,1.19882174E+1,1.19882174E+1,2.09793797E+1,5.39469757E+1,1.10891006E+2,2.33770233E+2,4.46561096E+2,6.83328369E+2,9.11104492E+2,1.14487476E+3,1.20781287E+3,1.28273926E+3,1.12389539E+3,1.03997778E+3,6.95316589E+2,4.31575806E+2,2.33770233E+2,1.28873337E+2,8.09204636E+1,5.09499207E+1,5.09499207E+1,2.69734879E+1,1.19882174E+1,2.09793797E+1,2.09793797E+1,1.19882174E+1,1.49852715E+1,2.99705434E+0,0.00000000E+0,5.99410868E+0,
631.00,9.09376431E+0,9.09376431E+0,6.06250954E+0,1.51562738E+1,1.81875286E+1,6.66876068E+1,9.39688950E+1,2.18250336E+2,3.21312988E+2,6.06250977E+2,5.85032166E+2,7.82063721E+2,9.91220276E+2,9.97282837E+2,1.02456409E+3,7.85094971E+2,6.03219666E+2,3.30406769E+2,1.90969055E+2,7.27501144E+1,6.66876068E+1,5.45625839E+1,3.94063110E+1,3.63750572E+1,2.42500381E+1,2.72812920E+1,1.51562738E+1,1.81875286E+1,1.51562738E+1,3.03125477E+0,6.06250954E+0,9.09376431E+0,
632.00,9.19598866E+0,1.83919773E+1,2.14573078E+1,1.53266487E+1,2.45226383E+1,2.14573078E+1,8.88945618E+1,9.19598923E+1,1.93115768E+2,3.03467651E+2,4.47538147E+2,4.01558197E+2,5.57890015E+2,6.03869934E+2,4.81256744E+2,4.59799438E+2,2.97336975E+2,2.08442413E+2,1.34874512E+2,9.80905533E+1,5.51759338E+1,7.66332397E+1,5.51759338E+1,3.98492851E+1,1.22613192E+1,3.37186279E+1,1.83919773E+1,9.19598866E+0,3.06532979E+0,9.19598866E+0,9.19598866E+0,6.13065958E+0,
633.00,2.47883415E+1,2.16897984E+1,1.85912571E+1,1.54927139E+1,1.54927139E+1,3.71825142E+1,7.12664795E+1,9.29562836E+1,1.51828598E+2,1.98306732E+2,3.03657196E+2,3.47036774E+2,4.21401794E+2,4.61682861E+2,4.77175568E+2,3.90416382E+2,3.00558655E+2,1.76616928E+2,1.36335876E+2,1.67321304E+2,6.81679382E+1,6.19708557E+1,7.12664795E+1,4.64781418E+1,5.57737694E+1,1.54927139E+1,3.40839691E+1,2.16897984E+1,9.29562855E+0,1.23941708E+1,6.19708538E+0,0.00000000E+0,
634.00,1.25257807E+1,9.39433575E+0,2.50515614E+1,1.56572266E+1,3.13144531E+1,3.44459000E+1,9.70748062E+1,7.82861328E+1,1.34652145E+2,2.56778503E+2,2.69304291E+2,3.72641998E+2,3.72641998E+2,3.91430664E+2,3.85167755E+2,3.38196075E+2,2.16069717E+2,1.87886719E+2,1.15863472E+2,1.15863472E+2,1.15863472E+2,1.09600586E+2,7.20232391E+1,7.82861328E+1,6.88917999E+1,4.38402328E+1,4.69716797E+1,2.50515614E+1,1.56572266E+1,3.13144517E+0,0.00000000E+0,9.39433575E+0,
635.00,0.00000000E+0,6.32330465E+0,2.52932186E+1,3.16165233E+0,9.48495674E+0,7.58796539E+1,6.00713921E+1,8.85262604E+1,1.26466087E+2,1.73890869E+2,2.62417145E+2,2.52932175E+2,3.28811829E+2,2.71902100E+2,2.75063751E+2,2.40285568E+2,2.11830704E+2,1.42274353E+2,2.24477310E+2,1.20142784E+2,1.35951050E+2,1.42274353E+2,7.58796539E+1,8.85262604E+1,9.48495712E+1,6.00713921E+1,5.37480888E+1,1.89699135E+1,6.32330465E+0,2.52932186E+1,1.58082609E+1,9.48495674E+0,
636.00,1.59504986E+1,1.27603989E+1,2.87108974E+1,3.19009972E+1,4.46613960E+1,7.33722916E+1,1.11653488E+2,1.59504990E+2,2.00976288E+2,2.32877274E+2,3.12629761E+2,2.90299072E+2,2.55207977E+2,2.42447571E+2,3.09439667E+2,2.90299072E+2,3.15819855E+2,2.42447571E+2,1.59504990E+2,1.75455490E+2,1.49934692E+2,1.62695084E+2,1.49934692E+2,1.21223785E+2,1.08463387E+2,1.14843590E+2,7.65623932E+1,6.06118927E+1,1.91405983E+1,1.91405983E+1,3.19009972E+0,9.57029915E+0,
637.00,1.28892870E+1,2.57785740E+1,1.93339310E+1,5.47794685E+1,5.47794685E+1,1.03114296E+2,1.77227692E+2,1.77227692E+2,1.96561615E+2,2.51341095E+2,2.44896454E+2,2.44896454E+2,3.31899139E+2,3.67344666E+2,3.60900024E+2,2.90008942E+2,3.02898224E+2,1.90116974E+2,2.73897339E+2,1.77227692E+2,2.22340195E+2,2.15895554E+2,1.35337509E+2,1.80450012E+2,1.61116089E+2,1.22448227E+2,6.76687546E+1,3.86678619E+1,2.57785740E+1,6.44464350E+0,2.90008945E+1,6.44464350E+0,
638.00,2.60941601E+1,1.95706196E+1,2.60941601E+1,5.21883202E+1,5.54500923E+1,1.10900185E+2,1.66350266E+2,2.28323898E+2,2.93559296E+2,3.35962311E+2,3.91412415E+2,4.33815430E+2,4.33815430E+2,3.75103546E+2,4.59909576E+2,4.92527283E+2,3.75103546E+2,3.81627106E+2,2.57679840E+2,2.67465149E+2,3.13129913E+2,2.54418060E+2,2.34847443E+2,2.15276825E+2,2.05491516E+2,1.40256119E+2,8.80677948E+1,9.13295593E+1,3.26176987E+1,2.93559303E+1,1.30470800E+1,1.30470800E+1,
639.00,1.65337410E+1,2.97607346E+1,6.94417191E+1,6.61349640E+1,1.02509201E+2,2.14938644E+2,2.18245392E+2,4.10036804E+2,4.43104279E+2,4.46411041E+2,5.42306702E+2,5.81987732E+2,6.81190186E+2,6.31588928E+2,5.85294434E+2,5.02625763E+2,5.52226990E+2,5.02625763E+2,4.79478516E+2,3.50515320E+2,3.76969299E+2,3.53822083E+2,3.76969299E+2,3.40595093E+2,2.38085876E+2,1.81871155E+2,1.25656441E+2,4.96012268E+1,5.62147217E+1,2.64539871E+1,3.30674839E+0,1.32269936E+1,
640.00,2.01073399E+1,4.02146797E+1,5.36195717E+1,9.71854782E+1,1.77614838E+2,2.74800323E+2,4.12200470E+2,5.49600647E+2,6.93703247E+2,7.94239929E+2,8.10996033E+2,8.51210754E+2,8.17698486E+2,8.27752136E+2,7.97591125E+2,6.76947144E+2,7.57376465E+2,6.66893433E+2,5.73059204E+2,5.02683502E+2,5.06034729E+2,4.79224945E+2,5.19439636E+2,4.69171265E+2,3.82039459E+2,2.51341751E+2,1.67561172E+2,1.10590370E+2,4.35659027E+1,1.34048929E+1,1.34048929E+1,2.01073399E+1,
641.00,1.01728745E+1,6.78191605E+1,8.47739487E+1,1.72938858E+2,3.01795258E+2,5.25598511E+2,7.32446960E+2,8.98603882E+2,9.32513489E+2,1.16309863E+3,1.24787256E+3,1.28856409E+3,1.25126355E+3,1.14614380E+3,1.16988049E+3,1.01050549E+3,1.09188855E+3,8.88431030E+2,8.61303345E+2,8.51130493E+2,7.18883118E+2,6.78191589E+2,6.81582581E+2,6.00199585E+2,4.71343170E+2,3.59441559E+2,2.54321854E+2,1.22074493E+2,7.46010742E+1,3.39095802E+1,2.71276646E+1,1.35638323E+1,
642.00,2.74168262E+1,6.51149597E+1,1.40511230E+2,2.84449554E+2,3.80408447E+2,6.54576721E+2,9.21890747E+2,1.02813098E+3,1.31258057E+3,1.44281042E+3,1.55933203E+3,1.77523950E+3,1.51135254E+3,1.63130115E+3,1.48050854E+3,1.41539368E+3,1.31600769E+3,1.23375720E+3,1.13779822E+3,1.08981885E+3,1.03841223E+3,9.56161804E+2,9.32172058E+2,8.32786072E+2,6.30586975E+2,4.00971069E+2,2.94730865E+2,1.19948616E+2,7.53962708E+1,6.85420685E+1,4.11252403E+1,1.71355171E+1,
643.00,3.46558647E+1,4.50526237E+1,1.38623459E+2,3.08437195E+2,4.43595062E+2,5.99546448E+2,9.18380432E+2,1.05007275E+3,1.22335205E+3,1.51099573E+3,1.57337622E+3,1.58030737E+3,1.50406458E+3,1.58723865E+3,1.68080945E+3,1.46247754E+3,1.46940869E+3,1.40009692E+3,1.34464758E+3,1.11245325E+3,9.94623291E+2,1.08819409E+3,1.01541681E+3,9.07983643E+2,7.31238770E+2,5.30234741E+2,3.15368378E+2,1.42089050E+2,1.03967590E+2,8.31740723E+1,3.11902790E+1,1.73279324E+1,
644.00,4.20895081E+1,5.61193428E+1,1.50820740E+2,2.42014664E+2,3.71790649E+2,5.47163574E+2,8.45297607E+2,1.11186450E+3,1.06276001E+3,1.29425232E+3,1.39596863E+3,1.36440149E+3,1.39947607E+3,1.39947607E+3,1.28372998E+3,1.31529712E+3,1.28022253E+3,1.18902856E+3,1.26268518E+3,1.14693909E+3,9.96118347E+2,9.08431885E+2,1.02768542E+3,7.92685730E+2,6.69924683E+2,5.15596436E+2,3.29701141E+2,1.64850571E+2,9.82088470E+1,4.91044235E+1,5.61193428E+1,2.80596714E+1,
645.00,4.96952820E+1,1.02940224E+2,2.62675049E+2,4.96952820E+2,7.09932617E+2,9.44210388E+2,1.14299146E+3,1.37016992E+3,1.73223560E+3,1.91681799E+3,1.86712280E+3,1.94166565E+3,1.89552002E+3,1.86712280E+3,1.85647375E+3,1.66124231E+3,1.53345447E+3,1.43051416E+3,1.34177258E+3,1.34532227E+3,1.23173303E+3,1.13944177E+3,1.15719019E+3,1.02940222E+3,8.48369446E+2,5.89244080E+2,3.76264282E+2,1.77483154E+2,9.22912369E+1,2.83973045E+1,1.41986523E+1,2.83973045E+1,
646.00,8.62805557E+1,2.55246643E+2,4.45782867E+2,8.37640381E+2,1.40924902E+3,1.72920605E+3,2.36193018E+3,2.84006836E+3,3.07014966E+3,3.39370190E+3,3.47638721E+3,3.44762720E+3,3.49795752E+3,3.30023120E+3,3.10969507E+3,3.04138965E+3,2.75378760E+3,2.24688940E+3,2.21812915E+3,2.00961792E+3,1.92333740E+3,1.71842102E+3,1.79032153E+3,1.40565405E+3,1.21152283E+3,8.48425476E+2,5.96773804E+2,2.55246643E+2,1.43800919E+2,5.39253464E+1,3.23552094E+1,3.59502296E+1,
647.00,1.31232880E+2,2.04140030E+2,5.50449036E+2,9.11339417E+2,1.37794519E+3,2.03410962E+3,2.77047192E+3,3.31363013E+3,3.70003809E+3,4.33068506E+3,3.96979468E+3,3.98437598E+3,4.29058594E+3,4.23226025E+3,3.65629395E+3,3.80575342E+3,3.28082202E+3,2.81421631E+3,2.76682666E+3,2.78869873E+3,2.36948267E+3,2.35854639E+3,2.27470337E+3,1.83361499E+3,1.49095129E+3,1.27587524E+3,7.03554077E+2,3.53599701E+2,1.56750381E+2,1.09360733E+2,3.28082199E+1,4.00989342E+1,
648.00,1.69949768E+2,2.32757294E+2,6.02213318E+2,8.75610779E+2,1.44087854E+3,1.78447253E+3,2.46427173E+3,2.79308765E+3,3.52461035E+3,3.56894507E+3,3.74628418E+3,3.80539697E+3,3.96426318E+3,3.66130908E+3,3.67608740E+3,3.37313354E+3,3.27707495E+3,3.03692847E+3,2.85589502E+3,2.71180713E+3,2.40515869E+3,2.46427173E+3,2.09112109E+3,2.07264819E+3,1.58127173E+3,1.23767773E+3,7.53690308E+2,3.91623383E+2,1.81033447E+2,9.60585632E+1,4.80292816E+1,5.54184036E+1,
649.00,7.84756317E+1,3.10165588E+2,6.35278931E+2,9.67866150E+2,1.69283154E+3,2.18237012E+3,2.92975708E+3,3.22123779E+3,3.90509692E+3,4.33858154E+3,4.54411279E+3,4.52542822E+3,4.22273633E+3,4.15920850E+3,4.00973120E+3,3.70703955E+3,3.60987915E+3,3.59493140E+3,3.16518384E+3,3.07176050E+3,2.86996606E+3,2.53364185E+3,2.45516626E+3,2.17115918E+3,2.01420789E+3,1.18834534E+3,9.15549072E+2,4.52169128E+2,2.05531418E+2,1.45740463E+2,8.22125702E+1,3.36324158E+1,
650.00,2.04034866E+2,5.70541931E+2,1.20153857E+3,1.99500757E+3,3.07941504E+3,4.20538525E+3,5.18021826E+3,6.21928467E+3,6.70292285E+3,7.26968652E+3,7.65130713E+3,7.51528418E+3,7.42460205E+3,7.17522607E+3,6.75582080E+3,5.96613037E+3,5.52405469E+3,5.19155371E+3,5.02908154E+3,4.50388037E+3,4.37163574E+3,4.11470313E+3,3.58572363E+3,3.25700098E+3,2.78847632E+3,1.85898425E+3,1.19776025E+3,7.40570984E+2,3.09830719E+2,1.70029053E+2,8.69037399E+1,5.66763496E+1,
651.00,4.66158813E+2,9.97274170E+2,2.15120825E+3,3.41977148E+3,5.06661133E+3,6.82425928E+3,8.52841406E+3,1.01255811E+4,1.14514590E+4,1.19137969E+4,1.18297354E+4,1.19214385E+4,1.13979648E+4,1.12871563E+4,1.02745986E+4,9.64413770E+3,8.39467969E+3,7.90559473E+3,7.36683740E+3,6.70198828E+3,6.27785986E+3,5.76584961E+3,5.28058594E+3,4.52403320E+3,3.70252368E+3,2.72817529E+3,1.78057385E+3,9.13212769E+2,4.20307129E+2,2.78931091E+2,1.29913116E+2,8.02404480E+1,
652.00,7.11799622E+2,1.82978931E+3,3.11799194E+3,5.21083740E+3,8.10832617E+3,9.79885059E+3,1.16827979E+4,1.36557217E+4,1.49555293E+4,1.59342539E+4,1.58530156E+4,1.62359951E+4,1.50793203E+4,1.38955664E+4,1.36518525E+4,1.23094912E+4,1.11373428E+4,1.06344414E+4,9.71374414E+3,8.92070605E+3,7.67505713E+3,7.39652686E+3,7.00581055E+3,5.91490039E+3,4.95551807E+3,3.39652222E+3,2.08510864E+3,1.06383093E+3,5.53192078E+2,2.24371628E+2,1.19922768E+2,9.28434296E+1,
653.00,1.12180542E+3,2.44757544E+3,4.31855859E+3,6.63669482E+3,9.66086328E+3,1.15749922E+4,1.43402822E+4,1.67368672E+4,1.78978965E+4,1.86509961E+4,1.87922012E+4,1.85137129E+4,1.77135430E+4,1.67721680E+4,1.54503203E+4,1.44069629E+4,1.29125293E+4,1.20417578E+4,1.09591758E+4,9.85698242E+3,9.02151172E+3,8.58220410E+3,7.86048291E+3,6.82889258E+3,5.78945752E+3,4.14989551E+3,2.51425610E+3,1.27870129E+3,6.35428223E+2,3.56938080E+2,1.37283875E+2,1.01982315E+2,
654.00,1.35330774E+3,2.94145410E+3,5.29780176E+3,8.86018457E+3,1.21837490E+4,1.58854443E+4,1.91771660E+4,2.19912500E+4,2.40371328E+4,2.52551094E+4,2.47496094E+4,2.42401289E+4,2.25564551E+4,2.14817695E+4,1.95035527E+4,1.76964883E+4,1.65780195E+4,1.53600420E+4,1.40465381E+4,1.28086592E+4,1.12762373E+4,1.08583037E+4,1.01935908E+4,9.04725977E+3,7.03719971E+3,4.93957324E+3,3.08872583E+3,1.63192981E+3,8.00043640E+2,4.21913574E+2,2.14937103E+2,1.51252029E+2,
655.00,6.24077393E+3,1.35277363E+4,2.18285703E+4,3.27832500E+4,4.20656445E+4,5.13278398E+4,5.70717773E+4,6.10343672E+4,6.34579688E+4,6.31388594E+4,6.11878594E+4,5.76574805E+4,5.31415039E+4,4.84195195E+4,4.17748125E+4,3.85271875E+4,3.40354453E+4,3.09332344E+4,2.76492539E+4,2.51125508E+4,2.13802051E+4,1.91464512E+4,1.77811563E+4,1.43356035E+4,1.16736807E+4,8.51088086E+3,5.14611377E+3,2.75078784E+3,1.24007617E+3,5.73585693E+2,2.98910858E+2,1.41376755E+2,
656.00,2.33980430E+4,4.86885742E+4,8.13770156E+4,1.17129492E+5,1.50899359E+5,1.73957406E+5,1.91333891E+5,1.99706719E+5,2.00865969E+5,1.95000078E+5,1.80163297E+5,1.63991109E+5,1.44771297E+5,1.25805445E+5,1.08641961E+5,9.48415391E+4,8.31179453E+4,7.12632656E+4,6.35048789E+4,5.50009648E+4,4.66813906E+4,4.06639297E+4,3.52404336E+4,3.02921094E+4,2.38445391E+4,1.60329023E+4,9.51159961E+3,4.75579980E+3,2.25705908E+3,1.17154065E+3,4.50592560E+2,2.58066650E+2,
657.00,3.07710020E+4,6.21763281E+4,1.02764867E+5,1.45272953E+5,1.83092016E+5,2.14480766E+5,2.33178859E+5,2.48058547E+5,2.51118234E+5,2.47482266E+5,2.28838078E+5,2.08800859E+5,1.88373922E+5,1.68850797E+5,1.47055703E+5,1.29365070E+5,1.14182719E+5,9.89796406E+4,8.80551484E+4,7.67119141E+4,6.65171016E+4,5.86232773E+4,5.11067266E+4,4.34948242E+4,3.44069727E+4,2.39965723E+4,1.45148584E+4,7.36729590E+3,3.36648535E+3,1.65422119E+3,7.46265198E+2,4.22883606E+2,
658.00,2.21509727E+4,4.19786484E+4,7.09695000E+4,1.00878766E+5,1.25361414E+5,1.45566531E+5,1.62026688E+5,1.69696906E+5,1.73525734E+5,1.68971406E+5,1.60210828E+5,1.46866563E+5,1.32792594E+5,1.18383148E+5,1.04791461E+5,9.26801328E+4,8.13027031E+4,7.18879141E+4,6.47586719E+4,5.72100625E+4,4.90324063E+4,4.39328984E+4,3.84937070E+4,3.37548594E+4,2.68059473E+4,1.84563477E+4,1.13019443E+4,5.82920313E+3,2.53717114E+3,1.54746472E+3,6.66793762E+2,3.43881042E+2,
659.00,3.84716943E+3,8.23421777E+3,1.47170176E+4,2.18289668E+4,3.02034688E+4,3.79828281E+4,4.52563164E+4,5.14755547E+4,5.54800117E+4,5.76310234E+4,5.69508633E+4,5.54204961E+4,5.41621953E+4,5.01619883E+4,4.63148203E+4,4.35006484E+4,3.92793867E+4,3.60868750E+4,3.38210820E+4,3.04287734E+4,2.69769473E+4,2.51320059E+4,2.26154043E+4,1.98947559E+4,1.58775449E+4,1.19496064E+4,6.96741504E+3,3.65162280E+3,1.84068994E+3,8.50203186E+2,3.48583313E+2,2.38056900E+2,
660.00,4.39729883E+4,7.22848438E+4,1.03062906E+5,1.30675063E+5,1.50370266E+5,1.62373109E+5,1.69992031E+5,1.69901344E+5,1.69257781E+5,1.59993266E+5,1.44392594E+5,1.30523891E+5,1.15925258E+5,1.01598727E+5,8.89177813E+4,7.65218984E+4,6.74474219E+4,5.85413906E+4,5.16135195E+4,4.56660859E+4,3.90664648E+4,3.56932305E+4,3.15727891E+4,2.69210938E+4,2.12284883E+4,1.47627617E+4,9.01400977E+3,4.45301563E+3,2.04726428E+3,1.03658948E+3,4.53507904E+2,2.76423859E+2,
661.00,7.47127031E+4,1.29754219E+5,1.90569234E+5,2.46120438E+5,2.89909344E+5,3.16694156E+5,3.31830906E+5,3.41031563E+5,3.31756188E+5,3.15042063E+5,2.88894375E+5,2.57500453E+5,2.28228750E+5,2.03232250E+5,1.72567703E+5,1.51947453E+5,1.32249922E+5,1.14195664E+5,9.93225469E+4,8.66024063E+4,7.43655859E+4,6.50243047E+4,5.60521016E+4,4.73347383E+4,3.66269727E+4,2.59631465E+4,1.53212881E+4,8.05389209E+3,3.87535889E+3,1.82783362E+3,7.16194458E+2,4.21807770E+2,
662.00,8.46633281E+4,1.45602875E+5,2.10017031E+5,2.71005719E+5,3.15251094E+5,3.44017063E+5,3.58697031E+5,3.66785094E+5,3.58147719E+5,3.43842875E+5,3.10436656E+5,2.81148156E+5,2.46473578E+5,2.17997906E+5,1.87271328E+5,1.62989297E+5,1.39537953E+5,1.22464164E+5,1.06234453E+5,9.32739141E+4,7.90762734E+4,6.79691484E+4,5.97917734E+4,4.97654414E+4,3.97078477E+4,2.76941133E+4,1.68370918E+4,8.50786719E+3,3.80509326E+3,1.80429309E+3,7.59232239E+2,5.85055420E+2,
663.00,1.79213809E+4,3.39952422E+4,5.40591992E+4,7.44091328E+4,9.30658906E+4,1.08740289E+5,1.20311109E+5,1.29780211E+5,1.33075781E+5,1.32385797E+5,1.26203195E+5,1.16611531E+5,1.09094359E+5,9.93619766E+4,8.73190625E+4,7.84219297E+4,6.98924766E+4,6.06911992E+4,5.44722813E+4,4.88934102E+4,4.32691484E+4,3.92064219E+4,3.56384883E+4,3.00686992E+4,2.40540508E+4,1.73766582E+4,1.07537363E+4,5.49716113E+3,2.39678027E+3,1.22108691E+3,5.40183472E+2,3.67687897E+2,
664.00,1.85427070E+4,3.69052539E+4,6.01090430E+4,8.62600781E+4,1.05809836E+5,1.19423531E+5,1.31198656E+5,1.40765656E+5,1.40331422E+5,1.37421141E+5,1.30907625E+5,1.19090930E+5,1.07311180E+5,9.57069766E+4,8.51698750E+4,7.65036797E+4,6.72600391E+4,5.96239961E+4,5.33368438E+4,4.63567656E+4,4.14277500E+4,3.71454688E+4,3.27338359E+4,2.81235664E+4,2.19057090E+4,1.60851279E+4,9.85803125E+3,5.01678613E+3,2.17116895E+3,1.12716003E+3,4.24994781E+2,3.14126556E+2,
665.00,5.13156016E+4,9.57652656E+4,1.46228500E+5,1.94549094E+5,2.33192375E+5,2.57628141E+5,2.71755594E+5,2.76978031E+5,2.75348688E+5,2.59940344E+5,2.35499859E+5,2.11228891E+5,1.89133563E+5,1.63831313E+5,1.41152047E+5,1.23812953E+5,1.06464453E+5,9.12020938E+4,8.09314453E+4,7.03593984E+4,6.03194961E+4,5.22951055E+4,4.62956484E+4,3.98158594E+4,3.08637656E+4,2.13795391E+4,1.23944814E+4,6.54571777E+3,3.08449292E+3,1.41274487E+3,6.16898560E+2,4.09696014E+2,
666.00,3.60919570E+4,6.54148672E+4,1.01656281E+5,1.38220719E+5,1.67100078E+5,1.87947203E+5,1.99855719E+5,2.06026938E+5,2.06214969E+5,1.98896297E+5,1.85025531E+5,1.70089266E+5,1.50997063E+5,1.33573031E+5,1.18386055E+5,1.05117945E+5,9.25923125E+4,7.99220391E+4,7.40159922E+4,6.30765547E+4,5.55168164E+4,4.81065391E+4,4.41531055E+4,3.77263672E+4,2.94820098E+4,2.09917695E+4,1.29209785E+4,6.13264355E+3,2.99400293E+3,1.39334436E+3,7.90686768E+2,4.48377258E+2,
667.00,4.62034531E+4,8.46641172E+4,1.27972094E+5,1.69030234E+5,2.00696719E+5,2.17364328E+5,2.28499250E+5,2.32144656E+5,2.24218109E+5,2.10763828E+5,1.93773391E+5,1.71478734E+5,1.53524797E+5,1.33350828E+5,1.15342258E+5,1.01545289E+5,8.67699141E+4,7.62260156E+4,6.85726172E+4,5.82671094E+4,5.10557344E+4,4.50959219E+4,3.81974375E+4,3.36630117E+4,2.61486816E+4,1.86939473E+4,1.05737021E+4,5.78598535E+3,2.51802124E+3,1.21182874E+3,6.00947815E+2,3.17856720E+2,
668.00,1.71597598E+4,3.02873594E+4,4.81294063E+4,6.54635859E+4,8.12792891E+4,9.38990234E+4,1.03687016E+5,1.11535867E+5,1.12587516E+5,1.14336836E+5,1.06800906E+5,1.00311492E+5,9.32013516E+4,8.36801172E+4,7.54516406E+4,6.82594219E+4,6.00206836E+4,5.44905703E+4,4.86988320E+4,4.44666055E+4,3.84542773E+4,3.53455117E+4,3.19340820E+4,2.77018535E+4,2.23307715E+4,1.59696055E+4,9.50070996E+3,4.97607373E+3,2.41621729E+3,1.04651453E+3,5.64296997E+2,3.28318268E+2,
669.00,2.26841500E+5,3.59864906E+5,4.95618156E+5,6.00656625E+5,6.66980875E+5,6.89199875E+5,6.89701438E+5,6.72540875E+5,6.36609313E+5,5.82688188E+5,5.12282375E+5,4.46750156E+5,3.84576125E+5,3.24962969E+5,2.78312625E+5,2.34154547E+5,1.98640109E+5,1.71463047E+5,1.47617797E+5,1.26396781E+5,1.05920266E+5,9.19964531E+4,7.92131563E+4,6.81617500E+4,5.13708008E+4,3.48702617E+4,2.12474160E+4,1.04705830E+4,5.11648730E+3,2.37607788E+3,9.92672485E+2,5.38577637E+2,
670.00,2.32320953E+5,3.72001156E+5,5.13685125E+5,6.31124875E+5,6.95460063E+5,7.33407250E+5,7.41034438E+5,7.28204000E+5,6.89820500E+5,6.42705625E+5,5.76345125E+5,5.05546250E+5,4.43085531E+5,3.81825969E+5,3.28048125E+5,2.79031844E+5,2.38682297E+5,2.04677938E+5,1.80164422E+5,1.54729813E+5,1.28487266E+5,1.12301125E+5,9.77524453E+4,8.11300078E+4,6.47337930E+4,4.44593711E+4,2.61509883E+4,1.34067578E+4,6.36672852E+3,2.95713550E+3,1.37353284E+3,9.37234192E+2,
671.00,3.59495281E+5,5.61292688E+5,7.48756938E+5,8.94860813E+5,9.74357750E+5,1.00524056E+6,9.99587875E+5,9.63085063E+5,9.03388813E+5,8.26636563E+5,7.29430000E+5,6.34227563E+5,5.43212875E+5,4.66024906E+5,3.96123344E+5,3.34570094E+5,2.85656438E+5,2.41997922E+5,2.08125406E+5,1.76452953E+5,1.49273250E+5,1.29810172E+5,1.10711953E+5,9.20058281E+4,7.20852969E+4,4.93220938E+4,2.93525547E+4,1.48668779E+4,6.52944580E+3,3.44715527E+3,1.47579626E+3,8.11415710E+2,
672.00,1.05436305E+5,1.74561938E+5,2.52410453E+5,3.19623844E+5,3.68279156E+5,3.91258938E+5,4.05740469E+5,4.05017219E+5,3.94743719E+5,3.70574938E+5,3.37464125E+5,3.02660219E+5,2.64596188E+5,2.31562078E+5,2.03114063E+5,1.74666031E+5,1.49856203E+5,1.30426953E+5,1.13644156E+5,9.87845547E+4,8.50591484E+4,7.43418281E+4,6.42436563E+4,5.41509648E+4,4.14720898E+4,3.00863047E+4,1.74074277E+4,8.75576660E+3,4.34500830E+3,1.98895081E+3,8.38318115E+2,4.65732269E+2,
673.00,1.72646641E+4,3.08419453E+4,4.78589492E+4,6.27130547E+4,7.75341406E+4,8.86788438E+4,9.43695313E+4,1.00197797E+5,1.03334828E+5,1.02867023E+5,9.63177891E+4,8.85082344E+4,8.36871172E+4,7.49034375E+4,6.68792500E+4,5.97136172E+4,5.30433008E+4,4.85964258E+4,4.36982578E+4,3.94330000E+4,3.50081406E+4,3.10235625E+4,2.88221387E+4,2.50411934E+4,1.93340039E+4,1.39625293E+4,8.85522656E+3,3.96806616E+3,2.00879907E+3,9.46612183E+2,4.56795410E+2,2.47660156E+2,
674.00,1.19782588E+4,2.10874727E+4,3.17194883E+4,4.09500859E+4,5.01861992E+4,5.72374258E+4,6.23134297E+4,6.41672734E+4,6.59438750E+4,6.64680234E+4,6.18941055E+4,5.79050313E+4,5.46442539E+4,4.94248008E+4,4.37694727E+4,3.94438359E+4,3.59789141E+4,3.23098496E+4,2.84476738E+4,2.63510645E+4,2.28530391E+4,2.11536816E+4,1.84832637E+4,1.65025195E+4,1.31369111E+4,8.98783203E+3,5.64980957E+3,2.98490918E+3,1.40693506E+3,6.78639221E+2,2.97939178E+2,2.42765259E+2,
675.00,1.09293994E+4,1.93981680E+4,2.90751816E+4,3.85590977E+4,4.52844570E+4,5.23463633E+4,5.61752383E+4,5.76924453E+4,5.93806797E+4,5.79131289E+4,5.53697383E+4,5.03270977E+4,4.68402852E+4,4.17535078E+4,3.73287813E+4,3.37757617E+4,2.95937910E+4,2.69014395E+4,2.36684121E+4,2.18863848E+4,1.91830000E+4,1.71637363E+4,1.58672148E+4,1.40245000E+4,1.08797461E+4,7.41499902E+3,4.43575830E+3,2.29511865E+3,1.09790540E+3,5.68262573E+2,2.42752945E+2,2.15167389E+2,
676.00,7.78967773E+3,1.45815273E+4,2.13402988E+4,2.85015117E+4,3.38103984E+4,3.86727461E+4,4.10653281E+4,4.24435469E+4,4.27191875E+4,4.40091992E+4,4.19804648E+4,3.82427422E+4,3.57895195E+4,3.11917891E+4,2.86283066E+4,2.58608496E+4,2.23546660E+4,2.08165781E+4,1.87657910E+4,1.61030781E+4,1.46201172E+4,1.36443408E+4,1.20400967E+4,1.02704668E+4,8.09839844E+3,5.75543066E+3,3.43451489E+3,1.92398987E+3,8.71032654E+2,5.29235046E+2,2.20514587E+2,1.21283028E+2,
677.00,7.27260059E+3,1.30388125E+4,1.85953438E+4,2.33683320E+4,2.74295117E+4,3.08671680E+4,3.30743281E+4,3.38302813E+4,3.42717148E+4,3.37640664E+4,3.15734590E+4,2.94490664E+4,2.70542949E+4,2.37932109E+4,2.18233184E+4,1.99472305E+4,1.74641738E+4,1.53728867E+4,1.38830518E+4,1.21890547E+4,1.12730820E+4,1.00536250E+4,9.63426465E+3,8.05614307E+3,6.56630859E+3,4.19360889E+3,2.89690088E+3,1.51742419E+3,7.28363647E+2,3.14520660E+2,1.93126724E+2,1.15876030E+2,
678.00,5.43776172E+3,8.90620117E+3,1.32044121E+4,1.70711406E+4,2.04566035E+4,2.28518750E+4,2.39084492E+4,2.55182031E+4,2.55292676E+4,2.44118438E+4,2.38199395E+4,2.15463691E+4,2.00472500E+4,1.82881387E+4,1.72536914E+4,1.43882178E+4,1.36192969E+4,1.20703926E+4,1.05048926E+4,1.01342617E+4,8.40280762E+3,7.99345410E+3,6.74879883E+3,6.23987305E+3,4.92330371E+3,3.33567676E+3,2.12974390E+3,1.00678796E+3,5.58712036E+2,2.93185516E+2,1.71485870E+2,1.38295059E+2,
679.00,4.69638477E+3,7.66632080E+3,1.09193721E+4,1.51383467E+4,1.74143730E+4,1.81526934E+4,2.07728984E+4,2.12614121E+4,2.16444492E+4,2.07062832E+4,1.96182324E+4,1.76086680E+4,1.66038848E+4,1.48108213E+4,1.34951670E+4,1.21628594E+4,1.12357959E+4,9.40942383E+3,9.24843652E+3,7.75514160E+3,7.02792334E+3,6.61712842E+3,6.07310303E+3,5.11828223E+3,4.18011572E+3,2.80894897E+3,1.54880774E+3,9.10410278E+2,3.60833344E+2,2.22051300E+2,1.77641037E+2,4.99615402E+1,
680.00,3.53251587E+3,5.99457227E+3,1.01468271E+4,1.19666084E+4,1.46878291E+4,1.66371914E+4,1.72625645E+4,1.82428809E+4,1.84457051E+4,1.79611797E+4,1.75893359E+4,1.62428115E+4,1.50033320E+4,1.35948330E+4,1.19328047E+4,1.02989453E+4,9.56652637E+3,8.60311230E+3,7.87632715E+3,7.05376367E+3,5.97767041E+3,5.47624463E+3,5.26215283E+3,4.56917090E+3,3.38603174E+3,2.41135059E+3,1.61695703E+3,7.38053528E+2,4.50719727E+2,1.80287888E+2,1.07045929E+2,9.57779388E+1,
681.00,4.52817285E+3,7.36816162E+3,1.06316074E+4,1.31384766E+4,1.56114688E+4,1.75480801E+4,1.79433086E+4,1.80731680E+4,1.87055313E+4,1.83272422E+4,1.72375449E+4,1.61365557E+4,1.42451123E+4,1.24778828E+4,1.11792793E+4,1.06259619E+4,9.52497168E+3,8.06827783E+3,7.74645020E+3,6.53818457E+3,5.89452930E+3,5.26216602E+3,5.13795166E+3,4.15553027E+3,3.12229370E+3,2.48993042E+3,1.32683362E+3,6.38009399E+2,2.76658936E+2,2.14551819E+2,1.24214218E+2,6.21071091E+1,
682.00,3.14543994E+3,5.60635059E+3,8.24263672E+3,1.05621152E+4,1.20273477E+4,1.39168740E+4,1.40865918E+4,1.51218721E+4,1.57215420E+4,1.46127178E+4,1.37754424E+4,1.28476504E+4,1.09015518E+4,1.02792520E+4,9.51552148E+3,8.10120459E+3,7.71085352E+3,6.34745215E+3,6.31916602E+3,5.57240674E+3,4.78038965E+3,4.14677588E+3,3.94311426E+3,3.34344409E+3,2.81731836E+3,1.88952686E+3,1.15408228E+3,6.05327454E+2,2.65891510E+2,1.69717972E+2,1.13145317E+2,5.09153938E+1,
683.00,2.51267529E+3,4.01235742E+3,5.73274756E+3,7.75307471E+3,8.90754688E+3,9.58664844E+3,1.00903154E+4,1.11089678E+4,1.13749482E+4,1.06562334E+4,1.03845928E+4,9.33198535E+3,8.46613086E+3,7.84362109E+3,6.95513037E+3,6.38921240E+3,5.85159033E+3,5.12721582E+3,4.66316309E+3,4.16515527E+3,3.75769458E+3,3.53698657E+3,3.15216235E+3,2.71640576E+3,2.34855908E+3,1.69209436E+3,9.84697021E+2,4.52734283E+2,1.92412064E+2,1.86752884E+2,7.35693207E+1,5.65917854E+1,
684.00,3.37481079E+3,5.30003809E+3,6.50613672E+3,8.23317871E+3,9.27506738E+3,1.02037061E+4,9.94889648E+3,1.12795684E+4,1.11323457E+4,1.02886426E+4,1.03169551E+4,9.25808008E+3,8.30112793E+3,7.50838770E+3,6.57408594E+3,6.39288818E+3,5.39063721E+3,5.11884033E+3,4.68283301E+3,3.91840430E+3,3.45974731E+3,3.53902124E+3,2.98410278E+3,2.58206982E+3,2.02715137E+3,1.44958313E+3,9.79601074E+2,5.20943909E+2,3.05771454E+2,1.64210587E+2,8.49365082E+1,7.36116409E+1,
685.00,6.65677393E+3,8.67139844E+3,1.01468984E+4,1.16110488E+4,1.28198232E+4,1.29219736E+4,1.40853486E+4,1.34497480E+4,1.34270479E+4,1.30751982E+4,1.19401982E+4,1.05271240E+4,9.81207422E+3,8.42169922E+3,7.78042383E+3,6.80432422E+3,5.68067432E+3,5.12452441E+3,4.71592432E+3,4.38677441E+3,3.75117456E+3,3.33122461E+3,3.18934961E+3,2.54807471E+3,2.16217480E+3,1.30524988E+3,9.36374878E+2,5.05074921E+2,3.06449951E+2,5.67499924E+1,6.24249916E+1,6.24249916E+1,
686.00,3.41873535E+3,5.36171680E+3,7.14515674E+3,8.93429492E+3,1.07063398E+4,1.13274102E+4,1.14926484E+4,1.14014824E+4,1.16578877E+4,1.13843887E+4,1.05069131E+4,9.09953418E+3,8.60951563E+3,7.57249902E+3,6.83177295E+3,6.19360889E+3,5.13949902E+3,4.66087598E+3,4.03980566E+3,3.67514063E+3,3.29907959E+3,2.97999756E+3,2.59254102E+3,2.33043799E+3,2.02844971E+3,1.35609839E+3,7.06538635E+2,3.87456665E+2,2.73498840E+2,1.02562065E+2,6.83747101E+1,8.54683838E+1,
687.00,2.25748047E+3,3.85605151E+3,5.71818652E+3,7.32248730E+3,8.38247168E+3,8.86949121E+3,9.55704883E+3,9.38515918E+3,9.84926074E+3,9.13878516E+3,8.34809375E+3,7.48864697E+3,6.99589746E+3,6.29688037E+3,5.51191895E+3,4.75560596E+3,3.79302539E+3,3.81594409E+3,3.49508374E+3,2.84190430E+3,2.57261084E+3,2.30904712E+3,2.22310254E+3,1.89078308E+3,1.38657422E+3,1.15738843E+3,6.76098206E+2,3.66697327E+2,1.60430084E+2,9.74039764E+1,2.86482277E+1,5.15668106E+1,
688.00,1.66943286E+3,2.80925244E+3,3.61518555E+3,4.94497510E+3,6.06752490E+3,6.29779150E+3,6.81589160E+3,6.81013477E+3,6.78710791E+3,6.56259814E+3,5.83150146E+3,5.72788184E+3,5.08889209E+3,4.38657861E+3,3.96058545E+3,3.86847900E+3,3.22948901E+3,3.11435571E+3,2.70563257E+3,2.46385254E+3,1.89969946E+3,1.65216284E+3,1.89969946E+3,1.43916626E+3,1.04195642E+3,7.94419800E+2,4.43263214E+2,1.78456619E+2,1.55429962E+2,1.32403290E+2,6.33233147E+1,1.72699947E+1,
689.00,1.33514063E+3,2.04605957E+3,2.92459351E+3,4.12101807E+3,4.52560645E+3,5.19606641E+3,5.90120557E+3,5.66423291E+3,5.46193848E+3,5.27120410E+3,4.99377246E+3,4.91285498E+3,4.29441309E+3,3.69331104E+3,3.34074146E+3,2.94193311E+3,2.75697852E+3,2.42174854E+3,2.10963770E+3,1.84954541E+3,1.84954541E+3,1.55477405E+3,1.33514063E+3,1.35825989E+3,9.42112183E+2,7.91836609E+2,4.04588043E+2,2.19633514E+2,8.66974411E+1,4.62386360E+1,2.88991470E+1,1.15596590E+1,
690.00,1.33521863E+3,1.97380139E+3,2.78654321E+3,3.44834717E+3,4.07531934E+3,4.70809668E+3,4.53393799E+3,4.57457520E+3,4.62101758E+3,4.75453906E+3,4.30172607E+3,4.06951392E+3,3.52962134E+3,3.06519751E+3,2.70526904E+3,2.51369409E+3,2.44403052E+3,1.99121729E+3,1.56162524E+3,1.70675769E+3,1.55581995E+3,1.34102393E+3,1.06236963E+3,1.21911267E+3,9.34653015E+2,5.97945740E+2,3.13486115E+2,1.79964249E+2,9.86900711E+1,8.12741776E+1,5.80529833E+0,5.22476845E+1,
691.00,9.62073364E+2,1.60345569E+3,2.05242334E+3,2.49556006E+3,3.24772656E+3,3.73167871E+3,3.51011011E+3,3.65587891E+3,3.65004810E+3,3.56258691E+3,3.03781958E+3,3.06697339E+3,2.83374341E+3,2.55969824E+3,2.21568408E+3,1.91248535E+3,1.87167004E+3,1.66176318E+3,1.48684070E+3,1.13699585E+3,1.35273352E+3,1.34107202E+3,1.13699585E+3,8.80442932E+2,6.99689758E+2,5.36428772E+2,4.02321594E+2,1.92414673E+2,8.74612198E+1,3.49844856E+1,4.08152351E+1,3.49844856E+1,
692.00,8.20383301E+2,1.29503357E+3,2.03337854E+3,2.22675464E+3,2.57248755E+3,3.30497266E+3,2.94752002E+3,3.36943140E+3,3.22293433E+3,3.29325293E+3,2.79516309E+3,2.88306128E+3,2.59006714E+3,2.26191382E+3,1.98063965E+3,1.78140369E+3,1.51184924E+3,1.48254980E+3,1.23643481E+3,1.24815454E+3,9.49300659E+2,1.01961920E+3,9.78600037E+2,9.02421631E+2,7.32485046E+2,5.85988037E+2,2.57834747E+2,1.64076660E+2,7.03185654E+1,5.27389259E+1,5.85988045E+1,2.34395218E+1,
693.00,1.02000330E+3,1.56832874E+3,2.22867773E+3,2.51758032E+3,3.21920117E+3,3.31943262E+3,3.50810376E+3,3.59654346E+3,3.20740918E+3,3.20151318E+3,3.47862402E+3,3.01873804E+3,2.45272461E+3,2.10486230E+3,2.22867773E+3,1.94567102E+3,1.63908044E+3,1.58601672E+3,1.44451331E+3,1.21457043E+3,1.02589929E+3,9.02083801E+2,1.10254688E+3,7.42892578E+2,6.60348938E+2,4.30406006E+2,3.06590576E+2,2.06359039E+2,7.66476440E+1,3.53758354E+1,4.12718086E+1,3.53758354E+1,
694.00,1.00254236E+3,2.02881360E+3,2.54491528E+3,3.14406787E+3,3.57118652E+3,3.92118652E+3,4.05169482E+3,3.91525415E+3,4.06949146E+3,3.76101709E+3,3.64830518E+3,2.91864404E+3,2.61016943E+3,2.34322046E+3,2.24237280E+3,1.85084741E+3,1.66694922E+3,1.61949158E+3,1.21016956E+3,1.32288135E+3,1.07966101E+3,9.96610168E+2,9.78813538E+2,7.71186462E+2,5.39830505E+2,4.80508484E+2,2.84745758E+2,1.54237289E+2,7.11864395E+1,5.33898315E+1,5.93220329E+0,1.77966099E+1,
695.00,1.16245483E+3,1.72281775E+3,2.40240674E+3,3.15353125E+3,3.24295093E+3,3.44563550E+3,3.42775146E+3,3.29660278E+3,3.22506714E+3,3.05815039E+3,2.92104028E+3,2.60509106E+3,2.27721924E+3,2.05665088E+3,1.87185034E+3,1.53801721E+3,1.38302319E+3,1.32341016E+3,1.04919006E+3,1.10880310E+3,9.53809082E+2,6.55743774E+2,7.27279419E+2,8.04776428E+2,7.03434204E+2,3.39794495E+2,2.38452271E+2,2.26529663E+2,7.74969864E+1,6.55743790E+1,4.17291489E+1,2.98065338E+1,
696.00,7.37117004E+2,1.10867188E+3,1.63604016E+3,1.83979614E+3,2.16340845E+3,2.24131519E+3,2.17539404E+3,2.34918579E+3,2.40911401E+3,2.13943726E+3,1.89972437E+3,1.77387512E+3,1.70196118E+3,1.48621960E+3,1.24051404E+3,1.31842065E+3,1.10267908E+3,1.00080115E+3,8.09030884E+2,9.76829834E+2,7.67081116E+2,6.05274963E+2,7.01160095E+2,6.05274963E+2,4.85418518E+2,3.41590820E+2,1.19856422E+2,1.49820526E+2,5.99282112E+1,4.19497490E+1,3.59569283E+1,3.59569283E+1,
697.00,5.30196106E+2,8.19394043E+2,7.53119507E+2,1.12064185E+3,1.21101611E+3,1.35561511E+3,1.33754028E+3,1.49418909E+3,1.35561511E+3,1.32549036E+3,1.60263831E+3,1.48816418E+3,1.52431384E+3,1.23511597E+3,1.40983972E+3,9.57968018E+2,9.82067810E+2,8.25418945E+2,7.77219299E+2,6.14545532E+2,6.98894897E+2,5.66345886E+2,4.69946564E+2,5.42246033E+2,4.27771881E+2,3.85597198E+2,1.92798599E+2,1.32549026E+2,5.42246056E+1,4.21746902E+1,1.80748672E+1,6.02495613E+1,
698.00,4.72828888E+2,7.94110046E+2,9.57781555E+2,8.18357666E+2,1.14570081E+3,1.12145313E+3,1.10326733E+3,1.21238171E+3,1.03658643E+3,9.33533936E+2,1.05477209E+3,9.69905396E+2,9.45657776E+2,7.88048157E+2,7.81986206E+2,6.36500427E+2,7.88048157E+2,6.18314697E+2,6.84995667E+2,5.81943237E+2,5.45571777E+2,6.24376587E+2,5.69819397E+2,5.51633667E+2,4.91014618E+2,2.24290619E+2,2.18228714E+2,1.69733444E+2,4.84952698E+1,3.03095436E+1,3.63714523E+1,1.21238174E+1,
699.00,4.45809784E+2,5.31307556E+2,7.20624023E+2,9.40475403E+2,9.16047485E+2,1.06261511E+3,1.02597314E+3,1.08093604E+3,1.17254077E+3,1.26414551E+3,1.15421985E+3,8.36656738E+2,8.91619568E+2,9.22154480E+2,8.24442749E+2,6.83982117E+2,6.16805298E+2,5.61842468E+2,5.12986572E+2,3.29777100E+2,5.61842468E+2,4.88558655E+2,4.64130737E+2,3.05349152E+2,3.23670105E+2,2.07637436E+2,2.13744415E+2,1.03818718E+2,3.66418991E+1,2.44279327E+1,5.49628487E+1,3.66418991E+1,
700.00,4.12536194E+2,4.67951508E+2,7.88128845E+2,7.63499817E+2,8.25072388E+2,9.72846558E+2,9.35903015E+2,8.74330444E+2,7.88128845E+2,7.69657104E+2,7.38870789E+2,7.51185303E+2,7.88128845E+2,6.03411133E+2,5.78782104E+2,5.23366821E+2,5.11052307E+2,4.18693451E+2,4.00221680E+2,3.01705566E+2,3.20177338E+2,3.01705566E+2,3.69435394E+2,3.57120880E+2,3.87907166E+2,2.27818497E+2,1.29302383E+2,6.15725670E+1,6.15725670E+1,6.77298203E+1,6.15725660E+0,1.84717693E+1,
701.00,1.60915784E+3,2.77719507E+3,3.65322314E+3,4.07570483E+3,4.46712158E+3,3.83339917E+3,3.71535278E+3,3.21210254E+3,2.62187109E+3,2.21802832E+3,1.55324109E+3,1.37927808E+3,1.08105579E+3,9.81648376E+2,7.39342773E+2,5.77805725E+2,5.59166809E+2,4.59759369E+2,3.97629730E+2,4.03842682E+2,3.85203796E+2,3.04435272E+2,2.79583405E+2,3.23074158E+2,2.60944519E+2,2.42305618E+2,1.18046326E+2,7.45555725E+1,5.59166794E+1,1.86388931E+1,6.21296453E+0,6.21296463E+1,
702.00,2.69455414E+2,4.63713989E+2,6.07841309E+2,8.02099854E+2,8.58497498E+2,7.51968628E+2,8.71030334E+2,9.71292786E+2,8.89829529E+2,8.02099854E+2,7.83300659E+2,5.89042114E+2,6.45439758E+2,6.39173340E+2,5.70242859E+2,3.88517120E+2,3.50918701E+2,3.44652283E+2,3.13320251E+2,3.19586670E+2,2.88254639E+2,3.50918701E+2,2.50656204E+2,2.50656204E+2,1.87992157E+2,1.62926544E+2,7.51968613E+1,7.51968613E+1,5.01312408E+1,4.38648376E+1,5.63976479E+1,3.13320255E+1,
703.00,3.60300201E+2,5.87858215E+2,6.70031921E+2,9.35516296E+2,8.47021545E+2,8.91268921E+2,8.02774109E+2,7.07958313E+2,7.96453064E+2,6.82674072E+2,6.76353027E+2,6.57389832E+2,7.64847778E+2,6.06821411E+2,5.81537170E+2,5.37289795E+2,4.74079224E+2,4.04547577E+2,2.78126465E+2,2.71805420E+2,2.52842239E+2,2.90768585E+2,2.21236969E+2,3.03410706E+2,2.90768585E+2,1.70668518E+2,1.26421120E+2,9.48158417E+1,5.05684471E+1,1.89631691E+1,6.32105589E+0,2.52842236E+1,
704.00,5.22737732E+2,7.07608398E+2,8.22355652E+2,9.17978455E+2,1.05822510E+3,9.30728149E+2,8.73354492E+2,8.28730530E+2,9.05228699E+2,8.73354492E+2,1.11559875E+3,1.43434131E+3,1.24309583E+3,1.23672095E+3,1.18572217E+3,9.94476624E+2,9.37102966E+2,7.01233521E+2,4.14365265E+2,4.65364075E+2,3.44241913E+2,2.80493408E+2,2.23119751E+2,1.97620361E+2,1.72120956E+2,1.52996399E+2,7.01233521E+1,3.82490997E+1,5.09988022E+1,1.27497005E+1,3.82490997E+1,1.91245499E+1,
705.00,2.05706223E+2,3.79270844E+2,5.07837219E+2,5.78548767E+2,5.27122192E+2,6.81401855E+2,6.87830139E+2,9.89961182E+2,1.35637537E+3,1.54279663E+3,1.82564270E+3,2.20491357E+3,2.08920386E+3,2.03777722E+3,1.90921082E+3,1.59422314E+3,1.19566736E+3,9.12821350E+2,4.88552277E+2,3.66414215E+2,2.76417725E+2,2.44276138E+2,2.24991180E+2,1.67136307E+2,2.12134537E+2,1.34994705E+2,8.99964676E+1,3.85699158E+1,4.49982338E+1,4.49982338E+1,6.42831945E+0,2.57132778E+1,
706.00,1.61965729E+2,2.13794754E+2,2.78581055E+2,2.85059662E+2,4.40546753E+2,4.53504028E+2,4.59982635E+2,5.37726196E+2,8.55179016E+2,9.00529419E+2,1.26333264E+3,1.41234106E+3,1.43177698E+3,1.64557178E+3,1.76866565E+3,1.53543506E+3,1.41881970E+3,9.39401184E+2,6.80256042E+2,3.69281830E+2,2.78581055E+2,2.33230637E+2,1.94358871E+2,2.52666519E+2,1.23093948E+2,9.71794357E+1,6.47862854E+1,4.53504028E+1,3.88717728E+1,2.59145145E+1,5.18290291E+1,2.59145145E+1,
707.00,2.94204437E+2,3.46507446E+2,3.79196838E+2,4.18424103E+2,4.96878632E+2,4.70727112E+2,6.40711914E+2,6.73401306E+2,7.78007324E+2,9.15302734E+2,1.06567383E+3,1.37295410E+3,1.41218127E+3,1.37949194E+3,1.12451477E+3,9.15302734E+2,9.87219360E+2,5.49181641E+2,3.72658966E+2,3.00742310E+2,1.96136292E+2,1.56909042E+2,2.74590820E+2,2.94204437E+2,2.15749924E+2,1.76522659E+2,9.80681458E+1,5.23030128E+1,7.19166412E+1,3.26893845E+1,1.30757532E+1,1.30757532E+1,
708.00,1.71506439E+2,3.03434448E+2,3.49609253E+2,3.03434448E+2,4.15573273E+2,3.89187683E+2,3.75994873E+2,4.15573273E+2,4.68344482E+2,5.07922882E+2,5.80483337E+2,5.87079712E+2,5.87079712E+2,6.06868896E+2,5.47501282E+2,5.60694092E+2,3.16627258E+2,3.49609253E+2,2.50663254E+2,2.50663254E+2,1.91295639E+2,1.78102829E+2,2.77048859E+2,1.84699234E+2,2.11084839E+2,1.25331627E+2,3.95784073E+1,5.93676109E+1,1.97892036E+1,1.97892036E+1,3.29820061E+1,1.31928024E+1,
709.00,2.59453278E+2,1.72968842E+2,2.06232086E+2,2.46147964E+2,1.92926788E+2,3.06021790E+2,2.06232086E+2,2.19537384E+2,2.26190018E+2,3.25979736E+2,3.25979736E+2,2.86063843E+2,3.25979736E+2,3.12674438E+2,3.45937683E+2,2.32842667E+2,2.39495316E+2,3.12674438E+2,1.99579437E+2,2.12884735E+2,2.06232086E+2,1.53010895E+2,1.66316193E+2,2.52800613E+2,2.12884735E+2,1.59663544E+2,1.26400307E+2,5.98738289E+1,3.32632408E+1,2.66105919E+1,1.99579430E+1,3.32632408E+1,
710.00,1.07514885E+2,1.81431366E+2,1.88151047E+2,1.74711685E+2,1.74711685E+2,2.28469131E+2,2.21749451E+2,2.01590408E+2,2.82226593E+2,2.41908493E+2,2.15029770E+2,2.75506897E+2,1.74711685E+2,2.35188812E+2,2.68787231E+2,2.21749451E+2,1.74711685E+2,1.61272324E+2,2.15029770E+2,1.47832977E+2,1.14234566E+2,1.67992004E+2,2.28469131E+2,1.61272324E+2,1.41113297E+2,1.07514885E+2,8.73558426E+1,4.70377617E+1,2.01590405E+1,2.01590405E+1,2.01590405E+1,3.35984039E+1,
711.00,3.39401855E+1,1.76488968E+2,2.03641113E+2,1.15396629E+2,1.35760742E+2,1.35760742E+2,2.51157379E+2,1.42548782E+2,2.78309540E+2,2.03641113E+2,1.15396629E+2,1.69700928E+2,2.03641113E+2,1.83277008E+2,1.96853073E+2,2.03641113E+2,1.62912888E+2,1.76488968E+2,1.22184669E+2,1.62912888E+2,1.49336823E+2,1.15396629E+2,4.07282219E+1,1.01820557E+2,1.01820557E+2,6.10923347E+1,4.75162621E+1,4.75162621E+1,2.03641109E+1,4.07282219E+1,1.35760746E+1,2.03641109E+1,
712.00,7.54019470E+1,1.09675560E+2,1.57658615E+2,1.43949173E+2,2.33060562E+2,2.12496399E+2,1.98786957E+2,1.37094452E+2,1.71368057E+2,1.78222778E+2,2.60479462E+2,2.05641678E+2,1.91932236E+2,9.59661179E+1,2.67334167E+2,1.02820839E+2,1.30239731E+2,1.16530281E+2,8.22566681E+1,1.02820839E+2,1.16530281E+2,1.64513336E+2,1.23385002E+2,8.22566681E+1,1.16530281E+2,9.59661179E+1,1.02820839E+2,4.79830589E+1,3.42736130E+1,2.74188900E+1,2.74188900E+1,6.16925011E+1,
713.00,4.15041237E+1,1.10677666E+2,1.03760315E+2,9.68429565E+1,1.52181793E+2,1.38347092E+2,1.03760315E+2,1.45264435E+2,2.21355331E+2,1.10677666E+2,1.45264435E+2,1.66016495E+2,1.59099152E+2,1.03760315E+2,1.72933853E+2,1.17595024E+2,1.10677666E+2,6.91735458E+1,8.99256058E+1,1.72933853E+2,1.79851212E+2,1.03760315E+2,1.31429733E+2,6.91735458E+1,1.24512375E+2,6.22561874E+1,3.45867729E+1,2.07520618E+1,3.45867729E+1,1.38347082E+1,6.91735411E+0,5.53388329E+1,
714.00,9.78011093E+1,9.78011093E+1,6.28721428E+1,6.28721428E+1,7.68437271E+1,1.18758492E+2,1.11772697E+2,1.67659042E+2,1.67659042E+2,2.09573807E+2,1.25744286E+2,1.18758492E+2,6.98579330E+1,1.04786903E+2,1.46701660E+2,1.11772697E+2,1.04786903E+2,7.68437271E+1,1.11772697E+2,2.23545395E+2,5.58863487E+1,1.32730072E+2,8.38295212E+1,6.28721428E+1,5.58863487E+1,8.38295212E+1,4.19147606E+1,4.89005547E+1,4.19147606E+1,6.98579359E+0,1.39715872E+1,1.39715872E+1,
715.00,5.64608002E+1,7.76335983E+1,1.19979202E+2,4.94032021E+1,1.12921600E+2,7.76335983E+1,9.88064041E+1,1.12921600E+2,1.48209610E+2,1.48209610E+2,8.46912003E+1,1.19979202E+2,1.19979202E+2,9.17488022E+1,1.55267197E+2,1.76440002E+2,7.05760040E+1,1.62324799E+2,9.88064041E+1,1.69382401E+2,2.11728001E+1,7.76335983E+1,1.41152008E+2,9.17488022E+1,7.05760040E+1,4.94032021E+1,4.94032021E+1,5.64608002E+1,1.41152000E+1,2.11728001E+1,2.82304001E+1,2.11728001E+1,
716.00,4.99586792E+1,7.13695374E+1,9.27804031E+1,4.28217239E+1,1.07054306E+2,9.27804031E+1,7.13695374E+1,1.57012985E+2,1.14191261E+2,1.49876038E+2,1.07054306E+2,9.27804031E+1,1.49876038E+2,7.85064926E+1,9.99173584E+1,7.13695374E+1,9.27804031E+1,9.99173584E+1,7.13695374E+1,1.21328217E+2,7.85064926E+1,9.27804031E+1,1.28465164E+2,9.99173584E+1,9.27804031E+1,1.42739077E+1,5.70956306E+1,3.56847687E+1,7.13695383E+0,4.99586792E+1,1.42739077E+1,2.14108620E+1,
717.00,3.60922775E+1,5.77476463E+1,8.66214676E+1,8.66214676E+1,1.08276833E+2,7.21845551E+1,7.21845551E+1,1.15495293E+2,1.01058380E+2,9.38399277E+1,8.66214676E+1,1.37150665E+2,7.21845551E+1,1.15495293E+2,9.38399277E+1,1.01058380E+2,1.29932205E+2,7.94030151E+1,1.08276833E+2,5.05291901E+1,5.05291901E+1,1.15495293E+2,9.38399277E+1,1.08276833E+2,1.44369110E+2,4.33107338E+1,7.21845551E+1,6.49661026E+1,2.88738232E+1,2.88738232E+1,2.88738232E+1,3.60922775E+1,
718.00,5.11108742E+1,8.76186447E+1,5.84124298E+1,7.30155334E+1,1.16824860E+2,5.11108742E+1,3.65077667E+1,5.84124298E+1,1.38729523E+2,6.57139816E+1,1.46031067E+2,7.30155334E+1,1.02221748E+2,1.02221748E+2,1.24126411E+2,8.76186447E+1,1.53332626E+2,1.24126411E+2,8.76186447E+1,8.76186447E+1,1.16824860E+2,6.57139816E+1,1.46031067E+2,5.84124298E+1,1.16824860E+2,4.38093224E+1,5.11108742E+1,7.30155334E+1,3.65077667E+1,2.92062149E+1,3.65077667E+1,5.11108742E+1,
719.00,7.39328003E+0,7.39328003E+1,3.69664001E+1,7.39328003E+1,9.61126404E+1,5.91462402E+1,8.87193604E+1,1.18292480E+2,1.40472321E+2,7.39328003E+1,6.65395203E+1,9.61126404E+1,8.87193604E+1,1.25685760E+2,8.13260803E+1,9.61126404E+1,1.03505920E+2,9.61126404E+1,8.13260803E+1,5.17529602E+1,1.10899200E+2,1.92225281E+2,1.47865601E+2,1.47865601E+2,1.25685760E+2,8.87193604E+1,4.43596802E+1,3.69664001E+1,4.43596802E+1,7.39328003E+0,4.43596802E+1,2.95731201E+1,
720.00,7.49128675E+0,1.27351875E+2,5.24390068E+1,9.73867264E+1,8.98954391E+1,1.12369301E+2,8.98954391E+1,8.98954391E+1,1.49825729E+2,1.12369301E+2,1.64808304E+2,1.49825729E+2,1.27351875E+2,1.34843155E+2,1.57317017E+2,1.64808304E+2,9.73867264E+1,1.79790878E+2,2.54703751E+2,2.99651459E+2,2.54703751E+2,1.87282166E+2,1.87282166E+2,2.69686310E+2,2.39721176E+2,1.19860588E+2,1.34843155E+2,9.73867264E+1,0.00000000E+0,2.99651470E+1,4.49477196E+1,1.49825735E+1,
721.00,5.30748024E+1,6.82390289E+1,5.30748024E+1,9.09853745E+1,6.06569176E+1,7.58211441E+1,9.09853745E+1,1.81970749E+2,8.34032593E+1,8.34032593E+1,1.06149605E+2,1.97134979E+2,1.59224411E+2,1.81970749E+2,9.85674896E+1,1.81970749E+2,2.04717087E+2,1.59224411E+2,1.81970749E+2,2.42627670E+2,3.10866699E+2,2.27463440E+2,1.89552872E+2,2.35045547E+2,2.65374023E+2,2.35045547E+2,1.13731720E+2,1.06149605E+2,4.54926872E+1,6.06569176E+1,3.03284588E+1,1.51642294E+1,
722.00,6.89432373E+1,1.07245033E+2,7.66035995E+1,6.12828789E+1,1.14905396E+2,1.37886475E+2,7.66035995E+1,7.66035995E+1,1.68527908E+2,2.29810791E+1,6.89432373E+1,4.59621582E+1,1.07245033E+2,1.37886475E+2,1.14905396E+2,7.66035995E+1,1.53207199E+2,9.19243164E+1,1.91508987E+2,1.53207199E+2,1.22565758E+2,1.37886475E+2,1.60867554E+2,2.29810791E+2,1.68527908E+2,1.14905396E+2,8.42639542E+1,4.59621582E+1,3.83017998E+1,1.53207197E+1,6.89432373E+1,2.29810791E+1,
723.00,3.09254093E+1,1.23701637E+2,5.41194649E+1,6.95821686E+1,6.95821686E+1,8.50448761E+1,6.18508186E+1,7.73135223E+1,5.41194649E+1,1.15970284E+2,1.15970284E+2,1.23701637E+2,8.50448761E+1,1.00507576E+2,1.46895691E+2,1.23701637E+2,1.46895691E+2,1.08238930E+2,1.31432983E+2,2.01015152E+2,1.39164337E+2,1.62358398E+2,1.39164337E+2,2.16477859E+2,2.70597321E+2,1.85552460E+2,7.73135223E+1,5.41194649E+1,6.18508186E+1,4.63881149E+1,2.31940575E+1,5.41194649E+1,
724.00,6.24311485E+1,3.90194664E+1,5.46272545E+1,5.46272545E+1,6.24311485E+1,4.68233604E+1,5.46272545E+1,6.24311485E+1,4.68233604E+1,3.90194664E+1,1.56077866E+2,7.80389328E+1,9.36467209E+1,6.24311485E+1,1.24862297E+2,1.63881760E+2,1.56077866E+2,1.32666183E+2,1.71685654E+2,1.63881760E+2,1.48273972E+2,1.95097336E+2,1.79489548E+2,2.34116806E+2,1.95097336E+2,1.63881760E+2,1.17058403E+2,3.90194664E+1,9.36467209E+1,3.12155743E+1,3.12155743E+1,2.34116802E+1,
725.00,3.15845070E+1,3.15845070E+1,3.15845070E+1,4.73767586E+1,9.47535172E+1,9.47535172E+1,6.31690140E+1,4.73767586E+1,7.10651398E+1,7.10651398E+1,1.26338028E+2,7.10651398E+1,8.68573914E+1,1.50026398E+2,1.18441902E+2,9.47535172E+1,1.26338028E+2,1.18441902E+2,1.89507034E+2,1.18441902E+2,1.97403168E+2,1.89507034E+2,1.73714783E+2,1.65818665E+2,1.50026398E+2,1.26338028E+2,9.47535172E+1,1.02649643E+2,4.73767586E+1,3.94806328E+1,2.36883793E+1,0.00000000E+0,
726.00,5.59823265E+1,6.39798050E+1,4.79848518E+1,5.59823265E+1,7.99747543E+1,6.39798050E+1,7.99747543E+1,7.99747543E+1,9.59697037E+1,7.19772797E+1,4.79848518E+1,6.39798050E+1,1.27959610E+2,8.79722290E+1,1.35957077E+2,1.03967178E+2,2.95906586E+2,2.15931839E+2,1.75944458E+2,1.19962135E+2,2.55919220E+2,2.15931839E+2,2.31926788E+2,2.47921738E+2,2.63916687E+2,2.07934357E+2,1.27959610E+2,8.79722290E+1,1.59949512E+1,5.59823265E+1,5.59823265E+1,7.19772797E+1,
727.00,1.62069569E+1,4.86208687E+1,4.05173912E+1,3.24139137E+1,1.45862610E+2,7.29313049E+1,4.05173912E+1,7.29313049E+1,4.05173912E+1,8.10347824E+1,9.72417374E+1,7.29313049E+1,9.72417374E+1,1.05345215E+2,1.21552170E+2,2.02586945E+2,1.86379990E+2,1.29655655E+2,1.62069565E+2,1.70173035E+2,2.26897385E+2,2.67414764E+2,3.07932159E+2,2.10690430E+2,2.26897385E+2,2.43104340E+2,1.78276520E+2,5.67243462E+1,6.48278275E+1,2.43104343E+1,2.43104343E+1,2.43104343E+1,
728.00,4.10850372E+1,3.28680267E+1,7.39530640E+1,9.86040878E+1,6.57360535E+1,3.28680267E+1,5.75190506E+1,6.57360535E+1,9.86040878E+1,5.75190506E+1,4.93020439E+1,1.06821091E+2,1.72557144E+2,1.23255104E+2,1.47906128E+2,2.87595245E+2,2.38293213E+2,2.38293213E+2,1.97208176E+2,1.64340149E+2,2.38293213E+2,2.30076202E+2,2.87595245E+2,3.53331299E+2,2.30076202E+2,2.30076202E+2,9.86040878E+1,1.47906128E+2,3.28680267E+1,4.93020439E+1,2.46510220E+1,4.10850372E+1,
729.00,4.17044373E+1,1.16772423E+2,1.00090645E+2,5.83862114E+1,5.83862114E+1,3.33635483E+1,9.17497559E+1,9.17497559E+1,7.50679855E+1,5.83862114E+1,1.41795074E+2,1.08431534E+2,1.08431534E+2,1.50135971E+2,1.58476852E+2,1.50135971E+2,1.75158630E+2,1.66817749E+2,1.41795074E+2,2.33544846E+2,2.75249268E+2,2.91931061E+2,2.66908386E+2,2.75249268E+2,2.75249268E+2,2.16863068E+2,1.33454193E+2,1.66817749E+2,8.34088745E+1,2.50226612E+1,5.00453224E+1,5.00453224E+1,
730.00,4.22972145E+1,3.38377686E+1,3.38377686E+1,5.07566566E+1,1.69188843E+1,5.07566566E+1,1.01513313E+2,6.76755371E+1,4.22972145E+1,7.61349869E+1,6.76755371E+1,7.61349869E+1,7.61349869E+1,1.26891640E+2,1.52269974E+2,9.30538712E+1,1.09972755E+2,1.60729416E+2,8.45944290E+1,1.18432198E+2,1.01513313E+2,2.28404953E+2,1.35351074E+2,1.35351074E+2,1.26891640E+2,1.01513313E+2,8.45944290E+1,1.69188843E+1,5.07566566E+1,5.07566566E+1,8.45944214E+0,3.38377686E+1,
731.00,3.42782631E+1,1.71391315E+1,1.71391315E+1,1.11404358E+2,5.14173965E+1,1.71391315E+1,2.57086983E+1,4.28478317E+1,6.85565262E+1,4.28478317E+1,9.42652283E+1,2.57086983E+1,6.85565262E+1,1.02834793E+2,5.99869614E+1,3.42782631E+1,7.71260986E+1,1.28543488E+2,5.99869614E+1,9.42652283E+1,1.71391327E+2,6.85565262E+1,1.19973923E+2,1.11404358E+2,2.05669586E+2,1.02834793E+2,2.57086983E+1,6.85565262E+1,8.56956577E+0,6.85565262E+1,3.42782631E+1,2.57086983E+1,
732.00,7.81217422E+1,1.30202911E+2,6.07613564E+1,6.94415512E+1,6.07613564E+1,4.34009666E+1,5.20811615E+1,6.07613564E+1,4.34009666E+1,4.34009666E+1,3.47207756E+1,7.81217422E+1,6.94415512E+1,1.12842514E+2,7.81217422E+1,7.81217422E+1,1.47563293E+2,2.08324646E+2,1.21522713E+2,7.81217422E+1,1.12842514E+2,2.25685028E+2,1.30202911E+2,1.38883102E+2,1.12842514E+2,8.68019333E+1,1.21522713E+2,3.47207756E+1,6.07613564E+1,4.34009666E+1,4.34009666E+1,8.68019390E+0,
733.00,2.63435593E+1,5.26871185E+1,7.02494888E+1,3.51247444E+1,3.51247444E+1,7.02494888E+1,2.63435593E+1,3.51247444E+1,2.63435593E+1,3.51247444E+1,6.14683037E+1,6.14683037E+1,6.14683037E+1,2.63435593E+1,6.14683037E+1,4.39059334E+1,8.78118668E+1,7.90306778E+1,6.14683037E+1,7.02494888E+1,9.65930481E+1,5.26871185E+1,1.05374237E+2,1.05374237E+2,8.78118668E+1,7.02494888E+1,1.75623722E+1,3.51247444E+1,2.63435593E+1,5.26871185E+1,3.51247444E+1,1.75623722E+1,
734.00,5.32922554E+1,8.88204288E+0,2.66461277E+1,3.55281715E+1,2.66461277E+1,8.88204269E+1,3.55281715E+1,5.32922554E+1,1.77640858E+1,6.21742973E+1,6.21742973E+1,2.66461277E+1,4.44102135E+1,8.88204269E+1,6.21742973E+1,8.88204269E+1,8.88204269E+1,5.32922554E+1,4.44102135E+1,6.21742973E+1,7.10563431E+1,7.99383850E+1,3.55281715E+1,1.06584511E+2,6.21742973E+1,5.32922554E+1,2.66461277E+1,3.55281715E+1,1.77640858E+1,5.32922554E+1,3.55281715E+1,3.55281715E+1,
735.00,1.79726925E+1,5.39180794E+1,4.49317322E+1,4.49317322E+1,4.49317322E+1,8.98634644E+1,4.49317322E+1,5.39180794E+1,7.18907700E+1,1.79726925E+1,6.29044266E+1,6.29044266E+1,2.69590397E+1,7.18907700E+1,3.59453850E+1,5.39180794E+1,2.69590397E+1,5.39180794E+1,4.49317322E+1,5.39180794E+1,7.18907700E+1,4.49317322E+1,4.49317322E+1,9.88498154E+1,1.79726925E+1,6.29044266E+1,2.69590397E+1,2.69590397E+1,8.98634624E+0,9.88498154E+1,3.59453850E+1,5.39180794E+1,
736.00,3.64091644E+1,4.55114555E+1,2.73068714E+1,6.37160339E+1,4.55114555E+1,1.82045822E+1,4.55114555E+1,9.10229111E+0,7.28183289E+1,3.64091644E+1,2.73068714E+1,6.37160339E+1,4.55114555E+1,1.82045822E+1,2.73068714E+1,9.10229111E+0,3.64091644E+1,2.73068714E+1,5.46137428E+1,1.82045822E+1,7.28183289E+1,2.73068714E+1,2.73068714E+1,1.82045822E+1,3.64091644E+1,5.46137428E+1,4.55114555E+1,7.28183289E+1,7.28183289E+1,3.64091644E+1,1.82045822E+1,2.73068714E+1,
737.00,2.76978397E+1,5.53956795E+1,1.84652271E+1,5.53956795E+1,4.61630669E+1,3.69304543E+1,6.46282883E+1,5.53956795E+1,7.38609085E+1,2.76978397E+1,6.46282883E+1,5.53956795E+1,4.61630669E+1,2.76978397E+1,4.61630669E+1,7.38609085E+1,2.76978397E+1,5.53956795E+1,9.23261356E+0,9.23261356E+0,4.61630669E+1,9.23261337E+1,5.53956795E+1,4.61630669E+1,1.84652271E+1,5.53956795E+1,1.84652271E+1,5.53956795E+1,3.69304543E+1,3.69304543E+1,1.84652271E+1,7.38609085E+1,
738.00,2.81190548E+1,7.49841461E+1,4.68650894E+1,4.68650894E+1,7.49841461E+1,1.12476219E+2,3.74920731E+1,3.74920731E+1,3.74920731E+1,7.49841461E+1,3.74920731E+1,5.62381096E+1,1.21849236E+2,1.87460365E+1,4.68650894E+1,5.62381096E+1,4.68650894E+1,6.56111298E+1,5.62381096E+1,7.49841461E+1,5.62381096E+1,7.49841461E+1,3.74920731E+1,8.43571625E+1,6.56111298E+1,4.68650894E+1,9.37301826E+0,6.56111298E+1,2.81190548E+1,0.00000000E+0,3.74920731E+1,4.68650894E+1,
739.00,3.80389175E+1,3.80389175E+1,4.75486488E+1,6.65681076E+1,4.75486488E+1,4.75486488E+1,9.50972939E+0,9.50972939E+0,9.50972939E+0,5.70583763E+1,1.90194588E+1,1.90194588E+1,1.90194588E+1,3.80389175E+1,8.55875702E+1,3.80389175E+1,5.70583763E+1,2.85291882E+1,5.70583763E+1,5.70583763E+1,3.80389175E+1,1.90194588E+1,3.80389175E+1,6.65681076E+1,2.85291882E+1,6.65681076E+1,2.85291882E+1,2.85291882E+1,2.85291882E+1,2.85291882E+1,1.90194588E+1,7.60778351E+1,
740.00,1.92918644E+1,5.78755951E+1,1.92918644E+1,3.85837288E+1,2.89377975E+1,5.78755951E+1,1.92918644E+1,2.89377975E+1,2.89377975E+1,6.75215302E+1,4.82296600E+1,2.89377975E+1,2.89377975E+1,1.92918644E+1,2.89377975E+1,9.64593220E+0,2.89377975E+1,9.64593220E+0,2.89377975E+1,4.82296600E+1,4.82296600E+1,4.82296600E+1,4.82296600E+1,4.82296600E+1,1.92918644E+1,9.64593220E+0,2.89377975E+1,5.78755951E+1,4.82296600E+1,4.82296600E+1,4.82296600E+1,7.71674576E+1,
741.00,1.95694313E+1,1.95694313E+1,3.91388626E+1,5.87082939E+1,1.95694313E+1,7.82777252E+1,5.87082939E+1,3.91388626E+1,0.00000000E+0,2.93541470E+1,6.84930115E+1,3.91388626E+1,3.91388626E+1,1.95694313E+1,2.93541470E+1,7.82777252E+1,9.78471565E+0,3.91388626E+1,9.78471565E+0,9.78471565E+0,9.78471603E+1,1.27201302E+2,2.93541470E+1,4.89235802E+1,4.89235802E+1,5.87082939E+1,2.93541470E+1,4.89235802E+1,5.87082939E+1,1.95694313E+1,5.87082939E+1,7.82777252E+1,
742.00,2.97401867E+1,5.94803734E+1,0.00000000E+0,3.96535797E+1,0.00000000E+0,6.93937683E+1,5.94803734E+1,5.94803734E+1,6.93937683E+1,1.98267899E+1,2.97401867E+1,4.95669785E+1,4.95669785E+1,7.93071594E+1,4.95669785E+1,9.91339493E+0,4.95669785E+1,2.97401867E+1,3.96535797E+1,1.98267899E+1,5.94803734E+1,2.97401867E+1,5.94803734E+1,9.91339493E+0,3.96535797E+1,3.96535797E+1,3.96535797E+1,2.97401867E+1,4.95669785E+1,2.97401867E+1,3.96535797E+1,3.96535797E+1,
743.00,5.01944275E+1,7.02721939E+1,1.00388851E+1,8.03110809E+1,4.01555405E+1,2.00777702E+1,5.01944275E+1,4.01555405E+1,5.01944275E+1,4.01555405E+1,7.02721939E+1,5.01944275E+1,6.02333107E+1,2.00777702E+1,2.00777702E+1,8.03110809E+1,5.01944275E+1,1.00388851E+1,5.01944275E+1,5.01944275E+1,7.02721939E+1,6.02333107E+1,7.02721939E+1,2.00777702E+1,3.01166553E+1,2.00777702E+1,3.01166553E+1,2.00777702E+1,2.00777702E+1,2.00777702E+1,0.00000000E+0,4.01555405E+1,
744.00,2.03603840E+1,0.00000000E+0,4.07207680E+1,3.05405750E+1,1.01801920E+1,4.07207680E+1,2.03603840E+1,3.05405750E+1,5.09009590E+1,7.12613449E+1,6.10811501E+1,2.03603840E+1,3.05405750E+1,6.10811501E+1,3.05405750E+1,4.07207680E+1,6.10811501E+1,4.07207680E+1,4.07207680E+1,1.01801918E+2,5.09009590E+1,2.03603840E+1,4.07207680E+1,2.03603840E+1,1.01801920E+1,4.07207680E+1,2.03603840E+1,1.01801920E+1,2.03603840E+1,5.09009590E+1,7.12613449E+1,3.05405750E+1,
745.00,3.10303936E+1,1.03434649E+1,1.03434649E+1,5.17173233E+1,3.10303936E+1,4.13738594E+1,2.06869297E+1,5.17173233E+1,4.13738594E+1,1.03434649E+1,3.10303936E+1,0.00000000E+0,4.13738594E+1,3.10303936E+1,3.10303936E+1,0.00000000E+0,4.13738594E+1,2.06869297E+1,5.17173233E+1,4.13738594E+1,5.17173233E+1,3.10303936E+1,7.24042511E+1,6.20607872E+1,6.20607872E+1,4.13738594E+1,1.03434649E+1,2.06869297E+1,0.00000000E+0,1.03434649E+1,6.20607872E+1,7.24042511E+1,
746.00,5.25335236E+1,3.15201130E+1,0.00000000E+0,0.00000000E+0,1.05067043E+1,1.05067043E+1,5.25335236E+1,9.45603409E+1,6.30402260E+1,5.25335236E+1,2.10134087E+1,7.35469284E+1,9.45603409E+1,6.30402260E+1,5.25335236E+1,6.30402260E+1,2.10134087E+1,5.25335236E+1,1.05067043E+1,1.05067043E+1,3.15201130E+1,1.05067043E+1,1.05067043E+1,1.05067043E+1,7.35469284E+1,4.20268173E+1,3.15201130E+1,1.05067043E+1,3.15201130E+1,7.35469284E+1,5.25335236E+1,3.15201130E+1,
747.00,1.06615934E+1,2.13231869E+1,7.46311569E+1,2.13231869E+1,7.46311569E+1,7.46311569E+1,4.26463737E+1,3.19847813E+1,3.19847813E+1,2.13231869E+1,1.06615934E+1,5.33079681E+1,6.39695625E+1,4.26463737E+1,1.06615934E+1,2.13231869E+1,3.19847813E+1,5.33079681E+1,1.06615934E+1,3.19847813E+1,5.33079681E+1,6.39695625E+1,6.39695625E+1,1.06615934E+1,4.26463737E+1,4.26463737E+1,0.00000000E+0,4.26463737E+1,4.26463737E+1,0.00000000E+0,2.13231869E+1,7.46311569E+1,
748.00,6.49110336E+1,1.08185053E+1,4.32740211E+1,2.16370106E+1,1.08185053E+1,3.24555168E+1,2.16370106E+1,4.32740211E+1,4.32740211E+1,4.32740211E+1,1.08185053E+1,4.32740211E+1,8.65480423E+1,1.19003555E+2,2.16370106E+1,4.32740211E+1,2.16370106E+1,1.08185053E+1,1.08185053E+1,5.40925255E+1,0.00000000E+0,4.32740211E+1,3.24555168E+1,5.40925255E+1,5.40925255E+1,2.16370106E+1,3.24555168E+1,0.00000000E+0,4.32740211E+1,5.40925255E+1,3.24555168E+1,4.32740211E+1,
749.00,3.29331894E+1,7.68441162E+1,1.09777308E+1,1.09777308E+1,6.58663788E+1,3.29331894E+1,2.19554615E+1,5.48886528E+1,2.19554615E+1,1.09777308E+1,3.29331894E+1,9.87995758E+1,8.78218460E+1,3.29331894E+1,6.58663788E+1,4.39109230E+1,5.48886528E+1,2.19554615E+1,5.48886528E+1,3.29331894E+1,1.09777306E+2,1.20755035E+2,7.68441162E+1,3.29331894E+1,3.29331894E+1,9.87995758E+1,3.29331894E+1,2.19554615E+1,2.19554615E+1,1.09777308E+1,4.39109230E+1,1.09777308E+1,
750.00,5.56785774E+1,5.56785774E+1,8.90857239E+1,3.34071465E+1,2.22714310E+1,4.45428619E+1,3.34071465E+1,4.45428619E+1,1.00221436E+2,5.56785774E+1,2.22714310E+1,6.68142929E+1,3.34071465E+1,8.90857239E+1,3.34071465E+1,2.22714310E+1,4.45428619E+1,5.56785774E+1,6.68142929E+1,6.68142929E+1,2.22714310E+1,4.45428619E+1,2.22714310E+1,0.00000000E+0,3.34071465E+1,1.11357155E+1,4.45428619E+1,2.22714310E+1,1.11357155E+1,1.11357155E+1,6.68142929E+1,3.34071465E+1,
